INSERT INTO group_app(group_name) VALUES('user')
INSERT INTO group_app(group_name) VALUES('admin')

INSERT INTO user_app(user_name, pass_word, version) VALUES('maina', 'PuYC2SlAA74yPJE0eporJcAYhJfayYF+eqstExAB7ws=', 0)
INSERT INTO user_app(user_name, pass_word, version) VALUES('guest', 'pFCQ5Wt2OcrjZe5VPTIf6O92MArcq4daBkuz8Ku8CNA=', 0)

INSERT INTO users_groups_app(user_name, groups_group_name) VALUES('maina', 'user')
INSERT INTO users_groups_app(user_name, groups_group_name) VALUES('maina', 'admin')
INSERT INTO users_groups_app(user_name, groups_group_name) VALUES('guest', 'user')

INSERT INTO customersupplier(id, businessname, iscustomer, issupplier, name, taxcode, version) VALUES (1, 'Mainardi Soluzioni Srl', 1, 0, 'Mainardi', 'IT 12345678901', 0)
INSERT INTO plant(id, customersupplier_id, address, isheadoffice, name, version) VALUES (1, 1, 'Via Roma, 1 Torino (TO) Italy', 1, 'Sede', 0)
INSERT INTO plant(id, customersupplier_id, address, isheadoffice, name, version) VALUES (2, 1, 'Via Torino, 10 Pinerolo (TO) Italy', 0, 'Magazzino', 0)
INSERT INTO referee(id, customersupplier_id, name, version) VALUES (1, 1, 'Davide Mainardi', 0)
INSERT INTO referee(id, customersupplier_id, name, version) VALUES (2, 1, 'Mario Rossi', 0)
INSERT INTO customersupplier(id, businessname, iscustomer, issupplier, name, taxcode, version) VALUES (2, 'Policarbonate Inc.', 0, 1, 'Poli', 'UK 12345678901', 0)
INSERT INTO plant(id, customersupplier_id, address, isheadoffice, name, version) VALUES (3, 2, 'Carnaby Street, 100 London UK', 1, 'Headquarter', 0)
INSERT INTO referee(id, customersupplier_id, name, version) VALUES (3, 2, 'Luca Nervi', 0)
INSERT INTO referee(id, customersupplier_id, name, version) VALUES (4, 2, 'Paolo Bitta', 0)
INSERT INTO customersupplier(id, businessname, iscustomer, issupplier, name, taxcode, vatregistrationnumber, version) VALUES (3, 'Apple Inc.', 1, 1, 'Apple', 'US 12345678901', 'AAABBB00C00D000E', 0)
INSERT INTO plant(id, customersupplier_id, address, isheadoffice, name, version) VALUES (4, 3, 'Cupertino', 1, 'Headquarter', 0)
INSERT INTO plant(id, customersupplier_id, address, isheadoffice, name, version) VALUES (5, 3, 'Via Roma, 3 Torino (TO) Italy', 0, 'Turin store', 0)
INSERT INTO referee(id, customersupplier_id, name, version) VALUES (5, 3, 'Tim Cook', 0)
INSERT INTO referee(id, customersupplier_id, name, version) VALUES (6, 3, 'Tin Cool', 0)
INSERT INTO referee(id, customersupplier_id, name, version) VALUES (7, 3, 'Steve Jobs Jr.', 0)

INSERT INTO customersupplier(id, businessname, iscustomer, issupplier, name, version) VALUES (4, 'Customer supplier n. 4', 1, 1, 'CusSup4', 0)
INSERT INTO plant(id, customersupplier_id, address, isheadoffice, name, version) VALUES (6, 4, 'This is a very long address for HQ n. 4', 1, 'Head quarter', 0)
INSERT INTO customersupplier(id, businessname, iscustomer, issupplier, name, version) VALUES (5, 'Customer supplier n. 5', 1, 1, 'CusSup5', 0)
INSERT INTO plant(id, customersupplier_id, address, isheadoffice, name, version) VALUES (7, 5, 'This is a very long address for HQ n. 5', 1, 'Head quarter', 0)
INSERT INTO customersupplier(id, businessname, iscustomer, issupplier, name, version) VALUES (6, 'Customer supplier n. 6', 1, 1, 'CusSup6', 0)
INSERT INTO plant(id, customersupplier_id, address, isheadoffice, name, version) VALUES (8, 6, 'This is a very long address for HQ n. 6', 1, 'Head quarter', 0)
INSERT INTO customersupplier(id, businessname, iscustomer, issupplier, name, version) VALUES (7, 'Customer supplier n. 7', 1, 1, 'CusSup7', 0)
INSERT INTO plant(id, customersupplier_id, address, isheadoffice, name, version) VALUES (9, 7, 'This is a very long address for HQ n. 7', 1, 'Head quarter', 0)
INSERT INTO customersupplier(id, businessname, iscustomer, issupplier, name, version) VALUES (8, 'Customer supplier n. 8', 1, 1, 'CusSup8', 0)
INSERT INTO plant(id, customersupplier_id, address, isheadoffice, name, version) VALUES (10, 8, 'This is a very long address for HQ n. 8', 1, 'Head quarter', 0)
INSERT INTO customersupplier(id, businessname, iscustomer, issupplier, name, version) VALUES (9, 'Customer supplier n. 9', 1, 1, 'CusSup9', 0)
INSERT INTO plant(id, customersupplier_id, address, isheadoffice, name, version) VALUES (11, 9, 'This is a very long address for HQ n. 9', 1, 'Head quarter', 0)
INSERT INTO customersupplier(id, businessname, iscustomer, issupplier, name, version) VALUES (10, 'Customer supplier n. 10', 1, 1, 'CusSup10', 0)
INSERT INTO plant(id, customersupplier_id, address, isheadoffice, name, version) VALUES (12, 10, 'This is a very long address for HQ n. 10', 1, 'Head quarter', 0)
INSERT INTO customersupplier(id, businessname, iscustomer, issupplier, name, version) VALUES (11, 'Customer supplier n. 11', 1, 1, 'CusSup11', 0)
INSERT INTO plant(id, customersupplier_id, address, isheadoffice, name, version) VALUES (13, 11, 'This is a very long address for HQ n. 11', 1, 'Head quarter', 0)
INSERT INTO customersupplier(id, businessname, iscustomer, issupplier, name, version) VALUES (12, 'Customer supplier n. 12', 1, 1, 'CusSup12', 0)
INSERT INTO plant(id, customersupplier_id, address, isheadoffice, name, version) VALUES (14, 12, 'This is a very long address for HQ n. 12', 1, 'Head quarter', 0)
INSERT INTO customersupplier(id, businessname, iscustomer, issupplier, name, version) VALUES (13, 'Customer supplier n. 13', 1, 1, 'CusSup13', 0)
INSERT INTO plant(id, customersupplier_id, address, isheadoffice, name, version) VALUES (15, 13, 'This is a very long address for HQ n. 13', 1, 'Head quarter', 0)
INSERT INTO customersupplier(id, businessname, iscustomer, issupplier, name, version) VALUES (14, 'Customer supplier n. 14', 1, 1, 'CusSup14', 0)
INSERT INTO plant(id, customersupplier_id, address, isheadoffice, name, version) VALUES (16, 14, 'This is a very long address for HQ n. 14', 1, 'Head quarter', 0)
INSERT INTO customersupplier(id, businessname, iscustomer, issupplier, name, version) VALUES (15, 'Customer supplier n. 15', 1, 1, 'CusSup15', 0)
INSERT INTO plant(id, customersupplier_id, address, isheadoffice, name, version) VALUES (17, 15, 'This is a very long address for HQ n. 15', 1, 'Head quarter', 0)
INSERT INTO customersupplier(id, businessname, iscustomer, issupplier, name, version) VALUES (16, 'Customer supplier n. 16', 1, 1, 'CusSup16', 0)
INSERT INTO plant(id, customersupplier_id, address, isheadoffice, name, version) VALUES (18, 16, 'This is a very long address for HQ n. 16', 1, 'Head quarter', 0)
INSERT INTO customersupplier(id, businessname, iscustomer, issupplier, name, version) VALUES (17, 'Customer supplier n. 17', 1, 1, 'CusSup17', 0)
INSERT INTO plant(id, customersupplier_id, address, isheadoffice, name, version) VALUES (19, 17, 'This is a very long address for HQ n. 17', 1, 'Head quarter', 0)
INSERT INTO customersupplier(id, businessname, iscustomer, issupplier, name, version) VALUES (18, 'Customer supplier n. 18', 1, 1, 'CusSup18', 0)
INSERT INTO plant(id, customersupplier_id, address, isheadoffice, name, version) VALUES (20, 18, 'This is a very long address for HQ n. 18', 1, 'Head quarter', 0)
INSERT INTO customersupplier(id, businessname, iscustomer, issupplier, name, version) VALUES (19, 'Customer supplier n. 19', 1, 1, 'CusSup19', 0)
INSERT INTO plant(id, customersupplier_id, address, isheadoffice, name, version) VALUES (21, 19, 'This is a very long address for HQ n. 19', 1, 'Head quarter', 0)
INSERT INTO customersupplier(id, businessname, iscustomer, issupplier, name, version) VALUES (20, 'Customer supplier n. 20', 1, 1, 'CusSup20', 0)
INSERT INTO plant(id, customersupplier_id, address, isheadoffice, name, version) VALUES (22, 20, 'This is a very long address for HQ n. 20', 1, 'Head quarter', 0)
INSERT INTO customersupplier(id, businessname, iscustomer, issupplier, name, version) VALUES (21, 'Customer supplier n. 21', 1, 1, 'CusSup21', 0)
INSERT INTO plant(id, customersupplier_id, address, isheadoffice, name, version) VALUES (23, 21, 'This is a very long address for HQ n. 21', 1, 'Head quarter', 0)
INSERT INTO customersupplier(id, businessname, iscustomer, issupplier, name, version) VALUES (22, 'Customer supplier n. 22', 1, 1, 'CusSup22', 0)
INSERT INTO plant(id, customersupplier_id, address, isheadoffice, name, version) VALUES (24, 22, 'This is a very long address for HQ n. 22', 1, 'Head quarter', 0)
INSERT INTO customersupplier(id, businessname, iscustomer, issupplier, name, version) VALUES (23, 'Customer supplier n. 23', 1, 1, 'CusSup23', 0)
INSERT INTO plant(id, customersupplier_id, address, isheadoffice, name, version) VALUES (25, 23, 'This is a very long address for HQ n. 23', 1, 'Head quarter', 0)
INSERT INTO customersupplier(id, businessname, iscustomer, issupplier, name, version) VALUES (24, 'Customer supplier n. 24', 1, 1, 'CusSup24', 0)
INSERT INTO plant(id, customersupplier_id, address, isheadoffice, name, version) VALUES (26, 24, 'This is a very long address for HQ n. 24', 1, 'Head quarter', 0)
INSERT INTO customersupplier(id, businessname, iscustomer, issupplier, name, version) VALUES (25, 'Customer supplier n. 25', 1, 1, 'CusSup25', 0)
INSERT INTO plant(id, customersupplier_id, address, isheadoffice, name, version) VALUES (27, 25, 'This is a very long address for HQ n. 25', 1, 'Head quarter', 0)
INSERT INTO customersupplier(id, businessname, iscustomer, issupplier, name, version) VALUES (26, 'Customer supplier n. 26', 1, 1, 'CusSup26', 0)
INSERT INTO plant(id, customersupplier_id, address, isheadoffice, name, version) VALUES (28, 26, 'This is a very long address for HQ n. 26', 1, 'Head quarter', 0)
INSERT INTO customersupplier(id, businessname, iscustomer, issupplier, name, version) VALUES (27, 'Customer supplier n. 27', 1, 1, 'CusSup27', 0)
INSERT INTO plant(id, customersupplier_id, address, isheadoffice, name, version) VALUES (29, 27, 'This is a very long address for HQ n. 27', 1, 'Head quarter', 0)
INSERT INTO customersupplier(id, businessname, iscustomer, issupplier, name, version) VALUES (28, 'Customer supplier n. 28', 1, 1, 'CusSup28', 0)
INSERT INTO plant(id, customersupplier_id, address, isheadoffice, name, version) VALUES (30, 28, 'This is a very long address for HQ n. 28', 1, 'Head quarter', 0)
INSERT INTO customersupplier(id, businessname, iscustomer, issupplier, name, version) VALUES (29, 'Customer supplier n. 29', 1, 1, 'CusSup29', 0)
INSERT INTO plant(id, customersupplier_id, address, isheadoffice, name, version) VALUES (31, 29, 'This is a very long address for HQ n. 29', 1, 'Head quarter', 0)
INSERT INTO customersupplier(id, businessname, iscustomer, issupplier, name, version) VALUES (30, 'Customer supplier n. 30', 1, 1, 'CusSup30', 0)
INSERT INTO plant(id, customersupplier_id, address, isheadoffice, name, version) VALUES (32, 30, 'This is a very long address for HQ n. 30', 1, 'Head quarter', 0)
INSERT INTO customersupplier(id, businessname, iscustomer, issupplier, name, version) VALUES (31, 'Customer supplier n. 31', 1, 1, 'CusSup31', 0)
INSERT INTO plant(id, customersupplier_id, address, isheadoffice, name, version) VALUES (33, 31, 'This is a very long address for HQ n. 31', 1, 'Head quarter', 0)
INSERT INTO customersupplier(id, businessname, iscustomer, issupplier, name, version) VALUES (32, 'Customer supplier n. 32', 1, 1, 'CusSup32', 0)
INSERT INTO plant(id, customersupplier_id, address, isheadoffice, name, version) VALUES (34, 32, 'This is a very long address for HQ n. 32', 1, 'Head quarter', 0)
INSERT INTO customersupplier(id, businessname, iscustomer, issupplier, name, version) VALUES (33, 'Customer supplier n. 33', 1, 1, 'CusSup33', 0)
INSERT INTO plant(id, customersupplier_id, address, isheadoffice, name, version) VALUES (35, 33, 'This is a very long address for HQ n. 33', 1, 'Head quarter', 0)
INSERT INTO customersupplier(id, businessname, iscustomer, issupplier, name, version) VALUES (34, 'Customer supplier n. 34', 1, 1, 'CusSup34', 0)
INSERT INTO plant(id, customersupplier_id, address, isheadoffice, name, version) VALUES (36, 34, 'This is a very long address for HQ n. 34', 1, 'Head quarter', 0)
INSERT INTO customersupplier(id, businessname, iscustomer, issupplier, name, version) VALUES (35, 'Customer supplier n. 35', 1, 1, 'CusSup35', 0)
INSERT INTO plant(id, customersupplier_id, address, isheadoffice, name, version) VALUES (37, 35, 'This is a very long address for HQ n. 35', 1, 'Head quarter', 0)
INSERT INTO customersupplier(id, businessname, iscustomer, issupplier, name, version) VALUES (36, 'Customer supplier n. 36', 1, 1, 'CusSup36', 0)
INSERT INTO plant(id, customersupplier_id, address, isheadoffice, name, version) VALUES (38, 36, 'This is a very long address for HQ n. 36', 1, 'Head quarter', 0)
INSERT INTO customersupplier(id, businessname, iscustomer, issupplier, name, version) VALUES (37, 'Customer supplier n. 37', 1, 1, 'CusSup37', 0)
INSERT INTO plant(id, customersupplier_id, address, isheadoffice, name, version) VALUES (39, 37, 'This is a very long address for HQ n. 37', 1, 'Head quarter', 0)
INSERT INTO customersupplier(id, businessname, iscustomer, issupplier, name, version) VALUES (38, 'Customer supplier n. 38', 1, 1, 'CusSup38', 0)
INSERT INTO plant(id, customersupplier_id, address, isheadoffice, name, version) VALUES (40, 38, 'This is a very long address for HQ n. 38', 1, 'Head quarter', 0)
INSERT INTO customersupplier(id, businessname, iscustomer, issupplier, name, version) VALUES (39, 'Customer supplier n. 39', 1, 1, 'CusSup39', 0)
INSERT INTO plant(id, customersupplier_id, address, isheadoffice, name, version) VALUES (41, 39, 'This is a very long address for HQ n. 39', 1, 'Head quarter', 0)
INSERT INTO customersupplier(id, businessname, iscustomer, issupplier, name, version) VALUES (40, 'Customer supplier n. 40', 1, 1, 'CusSup40', 0)
INSERT INTO plant(id, customersupplier_id, address, isheadoffice, name, version) VALUES (42, 40, 'This is a very long address for HQ n. 40', 1, 'Head quarter', 0)
INSERT INTO customersupplier(id, businessname, iscustomer, issupplier, name, version) VALUES (41, 'Customer supplier n. 41', 1, 1, 'CusSup41', 0)
INSERT INTO plant(id, customersupplier_id, address, isheadoffice, name, version) VALUES (43, 41, 'This is a very long address for HQ n. 41', 1, 'Head quarter', 0)
INSERT INTO customersupplier(id, businessname, iscustomer, issupplier, name, version) VALUES (42, 'Customer supplier n. 42', 1, 1, 'CusSup42', 0)
INSERT INTO plant(id, customersupplier_id, address, isheadoffice, name, version) VALUES (44, 42, 'This is a very long address for HQ n. 42', 1, 'Head quarter', 0)
INSERT INTO customersupplier(id, businessname, iscustomer, issupplier, name, version) VALUES (43, 'Customer supplier n. 43', 1, 1, 'CusSup43', 0)
INSERT INTO plant(id, customersupplier_id, address, isheadoffice, name, version) VALUES (45, 43, 'This is a very long address for HQ n. 43', 1, 'Head quarter', 0)
INSERT INTO customersupplier(id, businessname, iscustomer, issupplier, name, version) VALUES (44, 'Customer supplier n. 44', 1, 1, 'CusSup44', 0)
INSERT INTO plant(id, customersupplier_id, address, isheadoffice, name, version) VALUES (46, 44, 'This is a very long address for HQ n. 44', 1, 'Head quarter', 0)
INSERT INTO customersupplier(id, businessname, iscustomer, issupplier, name, version) VALUES (45, 'Customer supplier n. 45', 1, 1, 'CusSup45', 0)
INSERT INTO plant(id, customersupplier_id, address, isheadoffice, name, version) VALUES (47, 45, 'This is a very long address for HQ n. 45', 1, 'Head quarter', 0)
INSERT INTO customersupplier(id, businessname, iscustomer, issupplier, name, version) VALUES (46, 'Customer supplier n. 46', 1, 1, 'CusSup46', 0)
INSERT INTO plant(id, customersupplier_id, address, isheadoffice, name, version) VALUES (48, 46, 'This is a very long address for HQ n. 46', 1, 'Head quarter', 0)
INSERT INTO customersupplier(id, businessname, iscustomer, issupplier, name, version) VALUES (47, 'Customer supplier n. 47', 1, 1, 'CusSup47', 0)
INSERT INTO plant(id, customersupplier_id, address, isheadoffice, name, version) VALUES (49, 47, 'This is a very long address for HQ n. 47', 1, 'Head quarter', 0)
INSERT INTO customersupplier(id, businessname, iscustomer, issupplier, name, version) VALUES (48, 'Customer supplier n. 48', 1, 1, 'CusSup48', 0)
INSERT INTO plant(id, customersupplier_id, address, isheadoffice, name, version) VALUES (50, 48, 'This is a very long address for HQ n. 48', 1, 'Head quarter', 0)
INSERT INTO customersupplier(id, businessname, iscustomer, issupplier, name, version) VALUES (49, 'Customer supplier n. 49', 1, 1, 'CusSup49', 0)
INSERT INTO plant(id, customersupplier_id, address, isheadoffice, name, version) VALUES (51, 49, 'This is a very long address for HQ n. 49', 1, 'Head quarter', 0)
INSERT INTO customersupplier(id, businessname, iscustomer, issupplier, name, version) VALUES (50, 'Customer supplier n. 50', 1, 1, 'CusSup50', 0)
INSERT INTO plant(id, customersupplier_id, address, isheadoffice, name, version) VALUES (52, 50, 'This is a very long address for HQ n. 50', 1, 'Head quarter', 0)
INSERT INTO customersupplier(id, businessname, iscustomer, issupplier, name, version) VALUES (51, 'Customer supplier n. 51', 1, 1, 'CusSup51', 0)
INSERT INTO plant(id, customersupplier_id, address, isheadoffice, name, version) VALUES (53, 51, 'This is a very long address for HQ n. 51', 1, 'Head quarter', 0)
INSERT INTO customersupplier(id, businessname, iscustomer, issupplier, name, version) VALUES (52, 'Customer supplier n. 52', 1, 1, 'CusSup52', 0)
INSERT INTO plant(id, customersupplier_id, address, isheadoffice, name, version) VALUES (54, 52, 'This is a very long address for HQ n. 52', 1, 'Head quarter', 0)
INSERT INTO customersupplier(id, businessname, iscustomer, issupplier, name, version) VALUES (53, 'Customer supplier n. 53', 1, 1, 'CusSup53', 0)
INSERT INTO plant(id, customersupplier_id, address, isheadoffice, name, version) VALUES (55, 53, 'This is a very long address for HQ n. 53', 1, 'Head quarter', 0)
INSERT INTO customersupplier(id, businessname, iscustomer, issupplier, name, version) VALUES (54, 'Customer supplier n. 54', 1, 1, 'CusSup54', 0)
INSERT INTO plant(id, customersupplier_id, address, isheadoffice, name, version) VALUES (56, 54, 'This is a very long address for HQ n. 54', 1, 'Head quarter', 0)
INSERT INTO customersupplier(id, businessname, iscustomer, issupplier, name, version) VALUES (55, 'Customer supplier n. 55', 1, 1, 'CusSup55', 0)
INSERT INTO plant(id, customersupplier_id, address, isheadoffice, name, version) VALUES (57, 55, 'This is a very long address for HQ n. 55', 1, 'Head quarter', 0)
INSERT INTO customersupplier(id, businessname, iscustomer, issupplier, name, version) VALUES (56, 'Customer supplier n. 56', 1, 1, 'CusSup56', 0)
INSERT INTO plant(id, customersupplier_id, address, isheadoffice, name, version) VALUES (58, 56, 'This is a very long address for HQ n. 56', 1, 'Head quarter', 0)
INSERT INTO customersupplier(id, businessname, iscustomer, issupplier, name, version) VALUES (57, 'Customer supplier n. 57', 1, 1, 'CusSup57', 0)
INSERT INTO plant(id, customersupplier_id, address, isheadoffice, name, version) VALUES (59, 57, 'This is a very long address for HQ n. 57', 1, 'Head quarter', 0)
INSERT INTO customersupplier(id, businessname, iscustomer, issupplier, name, version) VALUES (58, 'Customer supplier n. 58', 1, 1, 'CusSup58', 0)
INSERT INTO plant(id, customersupplier_id, address, isheadoffice, name, version) VALUES (60, 58, 'This is a very long address for HQ n. 58', 1, 'Head quarter', 0)
INSERT INTO customersupplier(id, businessname, iscustomer, issupplier, name, version) VALUES (59, 'Customer supplier n. 59', 1, 1, 'CusSup59', 0)
INSERT INTO plant(id, customersupplier_id, address, isheadoffice, name, version) VALUES (61, 59, 'This is a very long address for HQ n. 59', 1, 'Head quarter', 0)
INSERT INTO customersupplier(id, businessname, iscustomer, issupplier, name, version) VALUES (60, 'Customer supplier n. 60', 1, 1, 'CusSup60', 0)
INSERT INTO plant(id, customersupplier_id, address, isheadoffice, name, version) VALUES (62, 60, 'This is a very long address for HQ n. 60', 1, 'Head quarter', 0)
INSERT INTO customersupplier(id, businessname, iscustomer, issupplier, name, version) VALUES (61, 'Customer supplier n. 61', 1, 1, 'CusSup61', 0)
INSERT INTO plant(id, customersupplier_id, address, isheadoffice, name, version) VALUES (63, 61, 'This is a very long address for HQ n. 61', 1, 'Head quarter', 0)
INSERT INTO customersupplier(id, businessname, iscustomer, issupplier, name, version) VALUES (62, 'Customer supplier n. 62', 1, 1, 'CusSup62', 0)
INSERT INTO plant(id, customersupplier_id, address, isheadoffice, name, version) VALUES (64, 62, 'This is a very long address for HQ n. 62', 1, 'Head quarter', 0)
INSERT INTO customersupplier(id, businessname, iscustomer, issupplier, name, version) VALUES (63, 'Customer supplier n. 63', 1, 1, 'CusSup63', 0)
INSERT INTO plant(id, customersupplier_id, address, isheadoffice, name, version) VALUES (65, 63, 'This is a very long address for HQ n. 63', 1, 'Head quarter', 0)
INSERT INTO customersupplier(id, businessname, iscustomer, issupplier, name, version) VALUES (64, 'Customer supplier n. 64', 1, 1, 'CusSup64', 0)
INSERT INTO plant(id, customersupplier_id, address, isheadoffice, name, version) VALUES (66, 64, 'This is a very long address for HQ n. 64', 1, 'Head quarter', 0)
INSERT INTO customersupplier(id, businessname, iscustomer, issupplier, name, version) VALUES (65, 'Customer supplier n. 65', 1, 1, 'CusSup65', 0)
INSERT INTO plant(id, customersupplier_id, address, isheadoffice, name, version) VALUES (67, 65, 'This is a very long address for HQ n. 65', 1, 'Head quarter', 0)
INSERT INTO customersupplier(id, businessname, iscustomer, issupplier, name, version) VALUES (66, 'Customer supplier n. 66', 1, 1, 'CusSup66', 0)
INSERT INTO plant(id, customersupplier_id, address, isheadoffice, name, version) VALUES (68, 66, 'This is a very long address for HQ n. 66', 1, 'Head quarter', 0)
INSERT INTO customersupplier(id, businessname, iscustomer, issupplier, name, version) VALUES (67, 'Customer supplier n. 67', 1, 1, 'CusSup67', 0)
INSERT INTO plant(id, customersupplier_id, address, isheadoffice, name, version) VALUES (69, 67, 'This is a very long address for HQ n. 67', 1, 'Head quarter', 0)
INSERT INTO customersupplier(id, businessname, iscustomer, issupplier, name, version) VALUES (68, 'Customer supplier n. 68', 1, 1, 'CusSup68', 0)
INSERT INTO plant(id, customersupplier_id, address, isheadoffice, name, version) VALUES (70, 68, 'This is a very long address for HQ n. 68', 1, 'Head quarter', 0)
INSERT INTO customersupplier(id, businessname, iscustomer, issupplier, name, version) VALUES (69, 'Customer supplier n. 69', 1, 1, 'CusSup69', 0)
INSERT INTO plant(id, customersupplier_id, address, isheadoffice, name, version) VALUES (71, 69, 'This is a very long address for HQ n. 69', 1, 'Head quarter', 0)
INSERT INTO customersupplier(id, businessname, iscustomer, issupplier, name, version) VALUES (70, 'Customer supplier n. 70', 1, 1, 'CusSup70', 0)
INSERT INTO plant(id, customersupplier_id, address, isheadoffice, name, version) VALUES (72, 70, 'This is a very long address for HQ n. 70', 1, 'Head quarter', 0)
INSERT INTO customersupplier(id, businessname, iscustomer, issupplier, name, version) VALUES (71, 'Customer supplier n. 71', 1, 1, 'CusSup71', 0)
INSERT INTO plant(id, customersupplier_id, address, isheadoffice, name, version) VALUES (73, 71, 'This is a very long address for HQ n. 71', 1, 'Head quarter', 0)
INSERT INTO customersupplier(id, businessname, iscustomer, issupplier, name, version) VALUES (72, 'Customer supplier n. 72', 1, 1, 'CusSup72', 0)
INSERT INTO plant(id, customersupplier_id, address, isheadoffice, name, version) VALUES (74, 72, 'This is a very long address for HQ n. 72', 1, 'Head quarter', 0)
INSERT INTO customersupplier(id, businessname, iscustomer, issupplier, name, version) VALUES (73, 'Customer supplier n. 73', 1, 1, 'CusSup73', 0)
INSERT INTO plant(id, customersupplier_id, address, isheadoffice, name, version) VALUES (75, 73, 'This is a very long address for HQ n. 73', 1, 'Head quarter', 0)
INSERT INTO customersupplier(id, businessname, iscustomer, issupplier, name, version) VALUES (74, 'Customer supplier n. 74', 1, 1, 'CusSup74', 0)
INSERT INTO plant(id, customersupplier_id, address, isheadoffice, name, version) VALUES (76, 74, 'This is a very long address for HQ n. 74', 1, 'Head quarter', 0)
INSERT INTO customersupplier(id, businessname, iscustomer, issupplier, name, version) VALUES (75, 'Customer supplier n. 75', 1, 1, 'CusSup75', 0)
INSERT INTO plant(id, customersupplier_id, address, isheadoffice, name, version) VALUES (77, 75, 'This is a very long address for HQ n. 75', 1, 'Head quarter', 0)
INSERT INTO customersupplier(id, businessname, iscustomer, issupplier, name, version) VALUES (76, 'Customer supplier n. 76', 1, 1, 'CusSup76', 0)
INSERT INTO plant(id, customersupplier_id, address, isheadoffice, name, version) VALUES (78, 76, 'This is a very long address for HQ n. 76', 1, 'Head quarter', 0)
INSERT INTO customersupplier(id, businessname, iscustomer, issupplier, name, version) VALUES (77, 'Customer supplier n. 77', 1, 1, 'CusSup77', 0)
INSERT INTO plant(id, customersupplier_id, address, isheadoffice, name, version) VALUES (79, 77, 'This is a very long address for HQ n. 77', 1, 'Head quarter', 0)
INSERT INTO customersupplier(id, businessname, iscustomer, issupplier, name, version) VALUES (78, 'Customer supplier n. 78', 1, 1, 'CusSup78', 0)
INSERT INTO plant(id, customersupplier_id, address, isheadoffice, name, version) VALUES (80, 78, 'This is a very long address for HQ n. 78', 1, 'Head quarter', 0)
INSERT INTO customersupplier(id, businessname, iscustomer, issupplier, name, version) VALUES (79, 'Customer supplier n. 79', 1, 1, 'CusSup79', 0)
INSERT INTO plant(id, customersupplier_id, address, isheadoffice, name, version) VALUES (81, 79, 'This is a very long address for HQ n. 79', 1, 'Head quarter', 0)
INSERT INTO customersupplier(id, businessname, iscustomer, issupplier, name, version) VALUES (80, 'Customer supplier n. 80', 1, 1, 'CusSup80', 0)
INSERT INTO plant(id, customersupplier_id, address, isheadoffice, name, version) VALUES (82, 80, 'This is a very long address for HQ n. 80', 1, 'Head quarter', 0)
INSERT INTO customersupplier(id, businessname, iscustomer, issupplier, name, version) VALUES (81, 'Customer supplier n. 81', 1, 1, 'CusSup81', 0)
INSERT INTO plant(id, customersupplier_id, address, isheadoffice, name, version) VALUES (83, 81, 'This is a very long address for HQ n. 81', 1, 'Head quarter', 0)
INSERT INTO customersupplier(id, businessname, iscustomer, issupplier, name, version) VALUES (82, 'Customer supplier n. 82', 1, 1, 'CusSup82', 0)
INSERT INTO plant(id, customersupplier_id, address, isheadoffice, name, version) VALUES (84, 82, 'This is a very long address for HQ n. 82', 1, 'Head quarter', 0)
INSERT INTO customersupplier(id, businessname, iscustomer, issupplier, name, version) VALUES (83, 'Customer supplier n. 83', 1, 1, 'CusSup83', 0)
INSERT INTO plant(id, customersupplier_id, address, isheadoffice, name, version) VALUES (85, 83, 'This is a very long address for HQ n. 83', 1, 'Head quarter', 0)
INSERT INTO customersupplier(id, businessname, iscustomer, issupplier, name, version) VALUES (84, 'Customer supplier n. 84', 1, 1, 'CusSup84', 0)
INSERT INTO plant(id, customersupplier_id, address, isheadoffice, name, version) VALUES (86, 84, 'This is a very long address for HQ n. 84', 1, 'Head quarter', 0)
INSERT INTO customersupplier(id, businessname, iscustomer, issupplier, name, version) VALUES (85, 'Customer supplier n. 85', 1, 1, 'CusSup85', 0)
INSERT INTO plant(id, customersupplier_id, address, isheadoffice, name, version) VALUES (87, 85, 'This is a very long address for HQ n. 85', 1, 'Head quarter', 0)
INSERT INTO customersupplier(id, businessname, iscustomer, issupplier, name, version) VALUES (86, 'Customer supplier n. 86', 1, 1, 'CusSup86', 0)
INSERT INTO plant(id, customersupplier_id, address, isheadoffice, name, version) VALUES (88, 86, 'This is a very long address for HQ n. 86', 1, 'Head quarter', 0)
INSERT INTO customersupplier(id, businessname, iscustomer, issupplier, name, version) VALUES (87, 'Customer supplier n. 87', 1, 1, 'CusSup87', 0)
INSERT INTO plant(id, customersupplier_id, address, isheadoffice, name, version) VALUES (89, 87, 'This is a very long address for HQ n. 87', 1, 'Head quarter', 0)
INSERT INTO customersupplier(id, businessname, iscustomer, issupplier, name, version) VALUES (88, 'Customer supplier n. 88', 1, 1, 'CusSup88', 0)
INSERT INTO plant(id, customersupplier_id, address, isheadoffice, name, version) VALUES (90, 88, 'This is a very long address for HQ n. 88', 1, 'Head quarter', 0)
INSERT INTO customersupplier(id, businessname, iscustomer, issupplier, name, version) VALUES (89, 'Customer supplier n. 89', 1, 1, 'CusSup89', 0)
INSERT INTO plant(id, customersupplier_id, address, isheadoffice, name, version) VALUES (91, 89, 'This is a very long address for HQ n. 89', 1, 'Head quarter', 0)
INSERT INTO customersupplier(id, businessname, iscustomer, issupplier, name, version) VALUES (90, 'Customer supplier n. 90', 1, 1, 'CusSup90', 0)
INSERT INTO plant(id, customersupplier_id, address, isheadoffice, name, version) VALUES (92, 90, 'This is a very long address for HQ n. 90', 1, 'Head quarter', 0)
INSERT INTO customersupplier(id, businessname, iscustomer, issupplier, name, version) VALUES (91, 'Customer supplier n. 91', 1, 1, 'CusSup91', 0)
INSERT INTO plant(id, customersupplier_id, address, isheadoffice, name, version) VALUES (93, 91, 'This is a very long address for HQ n. 91', 1, 'Head quarter', 0)
INSERT INTO customersupplier(id, businessname, iscustomer, issupplier, name, version) VALUES (92, 'Customer supplier n. 92', 1, 1, 'CusSup92', 0)
INSERT INTO plant(id, customersupplier_id, address, isheadoffice, name, version) VALUES (94, 92, 'This is a very long address for HQ n. 92', 1, 'Head quarter', 0)
INSERT INTO customersupplier(id, businessname, iscustomer, issupplier, name, version) VALUES (93, 'Customer supplier n. 93', 1, 1, 'CusSup93', 0)
INSERT INTO plant(id, customersupplier_id, address, isheadoffice, name, version) VALUES (95, 93, 'This is a very long address for HQ n. 93', 1, 'Head quarter', 0)
INSERT INTO customersupplier(id, businessname, iscustomer, issupplier, name, version) VALUES (94, 'Customer supplier n. 94', 1, 1, 'CusSup94', 0)
INSERT INTO plant(id, customersupplier_id, address, isheadoffice, name, version) VALUES (96, 94, 'This is a very long address for HQ n. 94', 1, 'Head quarter', 0)
INSERT INTO customersupplier(id, businessname, iscustomer, issupplier, name, version) VALUES (95, 'Customer supplier n. 95', 1, 1, 'CusSup95', 0)
INSERT INTO plant(id, customersupplier_id, address, isheadoffice, name, version) VALUES (97, 95, 'This is a very long address for HQ n. 95', 1, 'Head quarter', 0)
INSERT INTO customersupplier(id, businessname, iscustomer, issupplier, name, version) VALUES (96, 'Customer supplier n. 96', 1, 1, 'CusSup96', 0)
INSERT INTO plant(id, customersupplier_id, address, isheadoffice, name, version) VALUES (98, 96, 'This is a very long address for HQ n. 96', 1, 'Head quarter', 0)
INSERT INTO customersupplier(id, businessname, iscustomer, issupplier, name, version) VALUES (97, 'Customer supplier n. 97', 1, 1, 'CusSup97', 0)
INSERT INTO plant(id, customersupplier_id, address, isheadoffice, name, version) VALUES (99, 97, 'This is a very long address for HQ n. 97', 1, 'Head quarter', 0)
INSERT INTO customersupplier(id, businessname, iscustomer, issupplier, name, version) VALUES (98, 'Customer supplier n. 98', 1, 1, 'CusSup98', 0)
INSERT INTO plant(id, customersupplier_id, address, isheadoffice, name, version) VALUES (100, 98, 'This is a very long address for HQ n. 98', 1, 'Head quarter', 0)
INSERT INTO customersupplier(id, businessname, iscustomer, issupplier, name, version) VALUES (99, 'Customer supplier n. 99', 1, 1, 'CusSup99', 0)
INSERT INTO plant(id, customersupplier_id, address, isheadoffice, name, version) VALUES (101, 99, 'This is a very long address for HQ n. 99', 1, 'Head quarter', 0)
INSERT INTO customersupplier(id, businessname, iscustomer, issupplier, name, version) VALUES (100, 'Customer supplier n. 100', 1, 1, 'CusSup100', 0)
INSERT INTO plant(id, customersupplier_id, address, isheadoffice, name, version) VALUES (102, 100, 'This is a very long address for HQ n. 100', 1, 'Head quarter', 0)
INSERT INTO customersupplier(id, businessname, iscustomer, issupplier, name, version) VALUES (101, 'Customer supplier n. 101', 1, 1, 'CusSup101', 0)
INSERT INTO plant(id, customersupplier_id, address, isheadoffice, name, version) VALUES (103, 101, 'This is a very long address for HQ n. 101', 1, 'Head quarter', 0)
INSERT INTO customersupplier(id, businessname, iscustomer, issupplier, name, version) VALUES (102, 'Customer supplier n. 102', 1, 1, 'CusSup102', 0)
INSERT INTO plant(id, customersupplier_id, address, isheadoffice, name, version) VALUES (104, 102, 'This is a very long address for HQ n. 102', 1, 'Head quarter', 0)
INSERT INTO customersupplier(id, businessname, iscustomer, issupplier, name, version) VALUES (103, 'Customer supplier n. 103', 1, 1, 'CusSup103', 0)
INSERT INTO plant(id, customersupplier_id, address, isheadoffice, name, version) VALUES (105, 103, 'This is a very long address for HQ n. 103', 1, 'Head quarter', 0)
INSERT INTO customersupplier(id, businessname, iscustomer, issupplier, name, version) VALUES (104, 'Customer supplier n. 104', 1, 1, 'CusSup104', 0)
INSERT INTO plant(id, customersupplier_id, address, isheadoffice, name, version) VALUES (106, 104, 'This is a very long address for HQ n. 104', 1, 'Head quarter', 0)
INSERT INTO customersupplier(id, businessname, iscustomer, issupplier, name, version) VALUES (105, 'Customer supplier n. 105', 1, 1, 'CusSup105', 0)
INSERT INTO plant(id, customersupplier_id, address, isheadoffice, name, version) VALUES (107, 105, 'This is a very long address for HQ n. 105', 1, 'Head quarter', 0)
INSERT INTO customersupplier(id, businessname, iscustomer, issupplier, name, version) VALUES (106, 'Customer supplier n. 106', 1, 1, 'CusSup106', 0)
INSERT INTO plant(id, customersupplier_id, address, isheadoffice, name, version) VALUES (108, 106, 'This is a very long address for HQ n. 106', 1, 'Head quarter', 0)
INSERT INTO customersupplier(id, businessname, iscustomer, issupplier, name, version) VALUES (107, 'Customer supplier n. 107', 1, 1, 'CusSup107', 0)
INSERT INTO plant(id, customersupplier_id, address, isheadoffice, name, version) VALUES (109, 107, 'This is a very long address for HQ n. 107', 1, 'Head quarter', 0)
INSERT INTO customersupplier(id, businessname, iscustomer, issupplier, name, version) VALUES (108, 'Customer supplier n. 108', 1, 1, 'CusSup108', 0)
INSERT INTO plant(id, customersupplier_id, address, isheadoffice, name, version) VALUES (110, 108, 'This is a very long address for HQ n. 108', 1, 'Head quarter', 0)
INSERT INTO customersupplier(id, businessname, iscustomer, issupplier, name, version) VALUES (109, 'Customer supplier n. 109', 1, 1, 'CusSup109', 0)
INSERT INTO plant(id, customersupplier_id, address, isheadoffice, name, version) VALUES (111, 109, 'This is a very long address for HQ n. 109', 1, 'Head quarter', 0)
INSERT INTO customersupplier(id, businessname, iscustomer, issupplier, name, version) VALUES (110, 'Customer supplier n. 110', 1, 1, 'CusSup110', 0)
INSERT INTO plant(id, customersupplier_id, address, isheadoffice, name, version) VALUES (112, 110, 'This is a very long address for HQ n. 110', 1, 'Head quarter', 0)
INSERT INTO customersupplier(id, businessname, iscustomer, issupplier, name, version) VALUES (111, 'Customer supplier n. 111', 1, 1, 'CusSup111', 0)
INSERT INTO plant(id, customersupplier_id, address, isheadoffice, name, version) VALUES (113, 111, 'This is a very long address for HQ n. 111', 1, 'Head quarter', 0)
INSERT INTO customersupplier(id, businessname, iscustomer, issupplier, name, version) VALUES (112, 'Customer supplier n. 112', 1, 1, 'CusSup112', 0)
INSERT INTO plant(id, customersupplier_id, address, isheadoffice, name, version) VALUES (114, 112, 'This is a very long address for HQ n. 112', 1, 'Head quarter', 0)
INSERT INTO customersupplier(id, businessname, iscustomer, issupplier, name, version) VALUES (113, 'Customer supplier n. 113', 1, 1, 'CusSup113', 0)
INSERT INTO plant(id, customersupplier_id, address, isheadoffice, name, version) VALUES (115, 113, 'This is a very long address for HQ n. 113', 1, 'Head quarter', 0)
INSERT INTO customersupplier(id, businessname, iscustomer, issupplier, name, version) VALUES (114, 'Customer supplier n. 114', 1, 1, 'CusSup114', 0)
INSERT INTO plant(id, customersupplier_id, address, isheadoffice, name, version) VALUES (116, 114, 'This is a very long address for HQ n. 114', 1, 'Head quarter', 0)
INSERT INTO customersupplier(id, businessname, iscustomer, issupplier, name, version) VALUES (115, 'Customer supplier n. 115', 1, 1, 'CusSup115', 0)
INSERT INTO plant(id, customersupplier_id, address, isheadoffice, name, version) VALUES (117, 115, 'This is a very long address for HQ n. 115', 1, 'Head quarter', 0)
INSERT INTO customersupplier(id, businessname, iscustomer, issupplier, name, version) VALUES (116, 'Customer supplier n. 116', 1, 1, 'CusSup116', 0)
INSERT INTO plant(id, customersupplier_id, address, isheadoffice, name, version) VALUES (118, 116, 'This is a very long address for HQ n. 116', 1, 'Head quarter', 0)
INSERT INTO customersupplier(id, businessname, iscustomer, issupplier, name, version) VALUES (117, 'Customer supplier n. 117', 1, 1, 'CusSup117', 0)
INSERT INTO plant(id, customersupplier_id, address, isheadoffice, name, version) VALUES (119, 117, 'This is a very long address for HQ n. 117', 1, 'Head quarter', 0)
INSERT INTO customersupplier(id, businessname, iscustomer, issupplier, name, version) VALUES (118, 'Customer supplier n. 118', 1, 1, 'CusSup118', 0)
INSERT INTO plant(id, customersupplier_id, address, isheadoffice, name, version) VALUES (120, 118, 'This is a very long address for HQ n. 118', 1, 'Head quarter', 0)
INSERT INTO customersupplier(id, businessname, iscustomer, issupplier, name, version) VALUES (119, 'Customer supplier n. 119', 1, 1, 'CusSup119', 0)
INSERT INTO plant(id, customersupplier_id, address, isheadoffice, name, version) VALUES (121, 119, 'This is a very long address for HQ n. 119', 1, 'Head quarter', 0)
INSERT INTO customersupplier(id, businessname, iscustomer, issupplier, name, version) VALUES (120, 'Customer supplier n. 120', 1, 1, 'CusSup120', 0)
INSERT INTO plant(id, customersupplier_id, address, isheadoffice, name, version) VALUES (122, 120, 'This is a very long address for HQ n. 120', 1, 'Head quarter', 0)
INSERT INTO customersupplier(id, businessname, iscustomer, issupplier, name, version) VALUES (121, 'Customer supplier n. 121', 1, 1, 'CusSup121', 0)
INSERT INTO plant(id, customersupplier_id, address, isheadoffice, name, version) VALUES (123, 121, 'This is a very long address for HQ n. 121', 1, 'Head quarter', 0)
INSERT INTO customersupplier(id, businessname, iscustomer, issupplier, name, version) VALUES (122, 'Customer supplier n. 122', 1, 1, 'CusSup122', 0)
INSERT INTO plant(id, customersupplier_id, address, isheadoffice, name, version) VALUES (124, 122, 'This is a very long address for HQ n. 122', 1, 'Head quarter', 0)
INSERT INTO customersupplier(id, businessname, iscustomer, issupplier, name, version) VALUES (123, 'Customer supplier n. 123', 1, 1, 'CusSup123', 0)
INSERT INTO plant(id, customersupplier_id, address, isheadoffice, name, version) VALUES (125, 123, 'This is a very long address for HQ n. 123', 1, 'Head quarter', 0)
INSERT INTO customersupplier(id, businessname, iscustomer, issupplier, name, version) VALUES (124, 'Customer supplier n. 124', 1, 1, 'CusSup124', 0)
INSERT INTO plant(id, customersupplier_id, address, isheadoffice, name, version) VALUES (126, 124, 'This is a very long address for HQ n. 124', 1, 'Head quarter', 0)
INSERT INTO customersupplier(id, businessname, iscustomer, issupplier, name, version) VALUES (125, 'Customer supplier n. 125', 1, 1, 'CusSup125', 0)
INSERT INTO plant(id, customersupplier_id, address, isheadoffice, name, version) VALUES (127, 125, 'This is a very long address for HQ n. 125', 1, 'Head quarter', 0)
INSERT INTO customersupplier(id, businessname, iscustomer, issupplier, name, version) VALUES (126, 'Customer supplier n. 126', 1, 1, 'CusSup126', 0)
INSERT INTO plant(id, customersupplier_id, address, isheadoffice, name, version) VALUES (128, 126, 'This is a very long address for HQ n. 126', 1, 'Head quarter', 0)
INSERT INTO customersupplier(id, businessname, iscustomer, issupplier, name, version) VALUES (127, 'Customer supplier n. 127', 1, 1, 'CusSup127', 0)
INSERT INTO plant(id, customersupplier_id, address, isheadoffice, name, version) VALUES (129, 127, 'This is a very long address for HQ n. 127', 1, 'Head quarter', 0)
INSERT INTO customersupplier(id, businessname, iscustomer, issupplier, name, version) VALUES (128, 'Customer supplier n. 128', 1, 1, 'CusSup128', 0)
INSERT INTO plant(id, customersupplier_id, address, isheadoffice, name, version) VALUES (130, 128, 'This is a very long address for HQ n. 128', 1, 'Head quarter', 0)
INSERT INTO customersupplier(id, businessname, iscustomer, issupplier, name, version) VALUES (129, 'Customer supplier n. 129', 1, 1, 'CusSup129', 0)
INSERT INTO plant(id, customersupplier_id, address, isheadoffice, name, version) VALUES (131, 129, 'This is a very long address for HQ n. 129', 1, 'Head quarter', 0)
INSERT INTO customersupplier(id, businessname, iscustomer, issupplier, name, version) VALUES (130, 'Customer supplier n. 130', 1, 1, 'CusSup130', 0)
INSERT INTO plant(id, customersupplier_id, address, isheadoffice, name, version) VALUES (132, 130, 'This is a very long address for HQ n. 130', 1, 'Head quarter', 0)
INSERT INTO customersupplier(id, businessname, iscustomer, issupplier, name, version) VALUES (131, 'Customer supplier n. 131', 1, 1, 'CusSup131', 0)
INSERT INTO plant(id, customersupplier_id, address, isheadoffice, name, version) VALUES (133, 131, 'This is a very long address for HQ n. 131', 1, 'Head quarter', 0)
INSERT INTO customersupplier(id, businessname, iscustomer, issupplier, name, version) VALUES (132, 'Customer supplier n. 132', 1, 1, 'CusSup132', 0)
INSERT INTO plant(id, customersupplier_id, address, isheadoffice, name, version) VALUES (134, 132, 'This is a very long address for HQ n. 132', 1, 'Head quarter', 0)
INSERT INTO customersupplier(id, businessname, iscustomer, issupplier, name, version) VALUES (133, 'Customer supplier n. 133', 1, 1, 'CusSup133', 0)
INSERT INTO plant(id, customersupplier_id, address, isheadoffice, name, version) VALUES (135, 133, 'This is a very long address for HQ n. 133', 1, 'Head quarter', 0)
INSERT INTO customersupplier(id, businessname, iscustomer, issupplier, name, version) VALUES (134, 'Customer supplier n. 134', 1, 1, 'CusSup134', 0)
INSERT INTO plant(id, customersupplier_id, address, isheadoffice, name, version) VALUES (136, 134, 'This is a very long address for HQ n. 134', 1, 'Head quarter', 0)
INSERT INTO customersupplier(id, businessname, iscustomer, issupplier, name, version) VALUES (135, 'Customer supplier n. 135', 1, 1, 'CusSup135', 0)
INSERT INTO plant(id, customersupplier_id, address, isheadoffice, name, version) VALUES (137, 135, 'This is a very long address for HQ n. 135', 1, 'Head quarter', 0)
INSERT INTO customersupplier(id, businessname, iscustomer, issupplier, name, version) VALUES (136, 'Customer supplier n. 136', 1, 1, 'CusSup136', 0)
INSERT INTO plant(id, customersupplier_id, address, isheadoffice, name, version) VALUES (138, 136, 'This is a very long address for HQ n. 136', 1, 'Head quarter', 0)
INSERT INTO customersupplier(id, businessname, iscustomer, issupplier, name, version) VALUES (137, 'Customer supplier n. 137', 1, 1, 'CusSup137', 0)
INSERT INTO plant(id, customersupplier_id, address, isheadoffice, name, version) VALUES (139, 137, 'This is a very long address for HQ n. 137', 1, 'Head quarter', 0)
INSERT INTO customersupplier(id, businessname, iscustomer, issupplier, name, version) VALUES (138, 'Customer supplier n. 138', 1, 1, 'CusSup138', 0)
INSERT INTO plant(id, customersupplier_id, address, isheadoffice, name, version) VALUES (140, 138, 'This is a very long address for HQ n. 138', 1, 'Head quarter', 0)
INSERT INTO customersupplier(id, businessname, iscustomer, issupplier, name, version) VALUES (139, 'Customer supplier n. 139', 1, 1, 'CusSup139', 0)
INSERT INTO plant(id, customersupplier_id, address, isheadoffice, name, version) VALUES (141, 139, 'This is a very long address for HQ n. 139', 1, 'Head quarter', 0)
INSERT INTO customersupplier(id, businessname, iscustomer, issupplier, name, version) VALUES (140, 'Customer supplier n. 140', 1, 1, 'CusSup140', 0)
INSERT INTO plant(id, customersupplier_id, address, isheadoffice, name, version) VALUES (142, 140, 'This is a very long address for HQ n. 140', 1, 'Head quarter', 0)
INSERT INTO customersupplier(id, businessname, iscustomer, issupplier, name, version) VALUES (141, 'Customer supplier n. 141', 1, 1, 'CusSup141', 0)
INSERT INTO plant(id, customersupplier_id, address, isheadoffice, name, version) VALUES (143, 141, 'This is a very long address for HQ n. 141', 1, 'Head quarter', 0)
INSERT INTO customersupplier(id, businessname, iscustomer, issupplier, name, version) VALUES (142, 'Customer supplier n. 142', 1, 1, 'CusSup142', 0)
INSERT INTO plant(id, customersupplier_id, address, isheadoffice, name, version) VALUES (144, 142, 'This is a very long address for HQ n. 142', 1, 'Head quarter', 0)
INSERT INTO customersupplier(id, businessname, iscustomer, issupplier, name, version) VALUES (143, 'Customer supplier n. 143', 1, 1, 'CusSup143', 0)
INSERT INTO plant(id, customersupplier_id, address, isheadoffice, name, version) VALUES (145, 143, 'This is a very long address for HQ n. 143', 1, 'Head quarter', 0)
INSERT INTO customersupplier(id, businessname, iscustomer, issupplier, name, version) VALUES (144, 'Customer supplier n. 144', 1, 1, 'CusSup144', 0)
INSERT INTO plant(id, customersupplier_id, address, isheadoffice, name, version) VALUES (146, 144, 'This is a very long address for HQ n. 144', 1, 'Head quarter', 0)
INSERT INTO customersupplier(id, businessname, iscustomer, issupplier, name, version) VALUES (145, 'Customer supplier n. 145', 1, 1, 'CusSup145', 0)
INSERT INTO plant(id, customersupplier_id, address, isheadoffice, name, version) VALUES (147, 145, 'This is a very long address for HQ n. 145', 1, 'Head quarter', 0)
INSERT INTO customersupplier(id, businessname, iscustomer, issupplier, name, version) VALUES (146, 'Customer supplier n. 146', 1, 1, 'CusSup146', 0)
INSERT INTO plant(id, customersupplier_id, address, isheadoffice, name, version) VALUES (148, 146, 'This is a very long address for HQ n. 146', 1, 'Head quarter', 0)
INSERT INTO customersupplier(id, businessname, iscustomer, issupplier, name, version) VALUES (147, 'Customer supplier n. 147', 1, 1, 'CusSup147', 0)
INSERT INTO plant(id, customersupplier_id, address, isheadoffice, name, version) VALUES (149, 147, 'This is a very long address for HQ n. 147', 1, 'Head quarter', 0)
INSERT INTO customersupplier(id, businessname, iscustomer, issupplier, name, version) VALUES (148, 'Customer supplier n. 148', 1, 1, 'CusSup148', 0)
INSERT INTO plant(id, customersupplier_id, address, isheadoffice, name, version) VALUES (150, 148, 'This is a very long address for HQ n. 148', 1, 'Head quarter', 0)
INSERT INTO customersupplier(id, businessname, iscustomer, issupplier, name, version) VALUES (149, 'Customer supplier n. 149', 1, 1, 'CusSup149', 0)
INSERT INTO plant(id, customersupplier_id, address, isheadoffice, name, version) VALUES (151, 149, 'This is a very long address for HQ n. 149', 1, 'Head quarter', 0)
INSERT INTO customersupplier(id, businessname, iscustomer, issupplier, name, version) VALUES (150, 'Customer supplier n. 150', 1, 1, 'CusSup150', 0)
INSERT INTO plant(id, customersupplier_id, address, isheadoffice, name, version) VALUES (152, 150, 'This is a very long address for HQ n. 150', 1, 'Head quarter', 0)
INSERT INTO customersupplier(id, businessname, iscustomer, issupplier, name, version) VALUES (151, 'Customer supplier n. 151', 1, 1, 'CusSup151', 0)
INSERT INTO plant(id, customersupplier_id, address, isheadoffice, name, version) VALUES (153, 151, 'This is a very long address for HQ n. 151', 1, 'Head quarter', 0)
INSERT INTO customersupplier(id, businessname, iscustomer, issupplier, name, version) VALUES (152, 'Customer supplier n. 152', 1, 1, 'CusSup152', 0)
INSERT INTO plant(id, customersupplier_id, address, isheadoffice, name, version) VALUES (154, 152, 'This is a very long address for HQ n. 152', 1, 'Head quarter', 0)
INSERT INTO customersupplier(id, businessname, iscustomer, issupplier, name, version) VALUES (153, 'Customer supplier n. 153', 1, 1, 'CusSup153', 0)
INSERT INTO plant(id, customersupplier_id, address, isheadoffice, name, version) VALUES (155, 153, 'This is a very long address for HQ n. 153', 1, 'Head quarter', 0)
INSERT INTO customersupplier(id, businessname, iscustomer, issupplier, name, version) VALUES (154, 'Customer supplier n. 154', 1, 1, 'CusSup154', 0)
INSERT INTO plant(id, customersupplier_id, address, isheadoffice, name, version) VALUES (156, 154, 'This is a very long address for HQ n. 154', 1, 'Head quarter', 0)
INSERT INTO customersupplier(id, businessname, iscustomer, issupplier, name, version) VALUES (155, 'Customer supplier n. 155', 1, 1, 'CusSup155', 0)
INSERT INTO plant(id, customersupplier_id, address, isheadoffice, name, version) VALUES (157, 155, 'This is a very long address for HQ n. 155', 1, 'Head quarter', 0)
INSERT INTO customersupplier(id, businessname, iscustomer, issupplier, name, version) VALUES (156, 'Customer supplier n. 156', 1, 1, 'CusSup156', 0)
INSERT INTO plant(id, customersupplier_id, address, isheadoffice, name, version) VALUES (158, 156, 'This is a very long address for HQ n. 156', 1, 'Head quarter', 0)
INSERT INTO customersupplier(id, businessname, iscustomer, issupplier, name, version) VALUES (157, 'Customer supplier n. 157', 1, 1, 'CusSup157', 0)
INSERT INTO plant(id, customersupplier_id, address, isheadoffice, name, version) VALUES (159, 157, 'This is a very long address for HQ n. 157', 1, 'Head quarter', 0)
INSERT INTO customersupplier(id, businessname, iscustomer, issupplier, name, version) VALUES (158, 'Customer supplier n. 158', 1, 1, 'CusSup158', 0)
INSERT INTO plant(id, customersupplier_id, address, isheadoffice, name, version) VALUES (160, 158, 'This is a very long address for HQ n. 158', 1, 'Head quarter', 0)
INSERT INTO customersupplier(id, businessname, iscustomer, issupplier, name, version) VALUES (159, 'Customer supplier n. 159', 1, 1, 'CusSup159', 0)
INSERT INTO plant(id, customersupplier_id, address, isheadoffice, name, version) VALUES (161, 159, 'This is a very long address for HQ n. 159', 1, 'Head quarter', 0)
INSERT INTO customersupplier(id, businessname, iscustomer, issupplier, name, version) VALUES (160, 'Customer supplier n. 160', 1, 1, 'CusSup160', 0)
INSERT INTO plant(id, customersupplier_id, address, isheadoffice, name, version) VALUES (162, 160, 'This is a very long address for HQ n. 160', 1, 'Head quarter', 0)
INSERT INTO customersupplier(id, businessname, iscustomer, issupplier, name, version) VALUES (161, 'Customer supplier n. 161', 1, 1, 'CusSup161', 0)
INSERT INTO plant(id, customersupplier_id, address, isheadoffice, name, version) VALUES (163, 161, 'This is a very long address for HQ n. 161', 1, 'Head quarter', 0)
INSERT INTO customersupplier(id, businessname, iscustomer, issupplier, name, version) VALUES (162, 'Customer supplier n. 162', 1, 1, 'CusSup162', 0)
INSERT INTO plant(id, customersupplier_id, address, isheadoffice, name, version) VALUES (164, 162, 'This is a very long address for HQ n. 162', 1, 'Head quarter', 0)
INSERT INTO customersupplier(id, businessname, iscustomer, issupplier, name, version) VALUES (163, 'Customer supplier n. 163', 1, 1, 'CusSup163', 0)
INSERT INTO plant(id, customersupplier_id, address, isheadoffice, name, version) VALUES (165, 163, 'This is a very long address for HQ n. 163', 1, 'Head quarter', 0)
INSERT INTO customersupplier(id, businessname, iscustomer, issupplier, name, version) VALUES (164, 'Customer supplier n. 164', 1, 1, 'CusSup164', 0)
INSERT INTO plant(id, customersupplier_id, address, isheadoffice, name, version) VALUES (166, 164, 'This is a very long address for HQ n. 164', 1, 'Head quarter', 0)
INSERT INTO customersupplier(id, businessname, iscustomer, issupplier, name, version) VALUES (165, 'Customer supplier n. 165', 1, 1, 'CusSup165', 0)
INSERT INTO plant(id, customersupplier_id, address, isheadoffice, name, version) VALUES (167, 165, 'This is a very long address for HQ n. 165', 1, 'Head quarter', 0)
INSERT INTO customersupplier(id, businessname, iscustomer, issupplier, name, version) VALUES (166, 'Customer supplier n. 166', 1, 1, 'CusSup166', 0)
INSERT INTO plant(id, customersupplier_id, address, isheadoffice, name, version) VALUES (168, 166, 'This is a very long address for HQ n. 166', 1, 'Head quarter', 0)
INSERT INTO customersupplier(id, businessname, iscustomer, issupplier, name, version) VALUES (167, 'Customer supplier n. 167', 1, 1, 'CusSup167', 0)
INSERT INTO plant(id, customersupplier_id, address, isheadoffice, name, version) VALUES (169, 167, 'This is a very long address for HQ n. 167', 1, 'Head quarter', 0)
INSERT INTO customersupplier(id, businessname, iscustomer, issupplier, name, version) VALUES (168, 'Customer supplier n. 168', 1, 1, 'CusSup168', 0)
INSERT INTO plant(id, customersupplier_id, address, isheadoffice, name, version) VALUES (170, 168, 'This is a very long address for HQ n. 168', 1, 'Head quarter', 0)
INSERT INTO customersupplier(id, businessname, iscustomer, issupplier, name, version) VALUES (169, 'Customer supplier n. 169', 1, 1, 'CusSup169', 0)
INSERT INTO plant(id, customersupplier_id, address, isheadoffice, name, version) VALUES (171, 169, 'This is a very long address for HQ n. 169', 1, 'Head quarter', 0)
INSERT INTO customersupplier(id, businessname, iscustomer, issupplier, name, version) VALUES (170, 'Customer supplier n. 170', 1, 1, 'CusSup170', 0)
INSERT INTO plant(id, customersupplier_id, address, isheadoffice, name, version) VALUES (172, 170, 'This is a very long address for HQ n. 170', 1, 'Head quarter', 0)
INSERT INTO customersupplier(id, businessname, iscustomer, issupplier, name, version) VALUES (171, 'Customer supplier n. 171', 1, 1, 'CusSup171', 0)
INSERT INTO plant(id, customersupplier_id, address, isheadoffice, name, version) VALUES (173, 171, 'This is a very long address for HQ n. 171', 1, 'Head quarter', 0)
INSERT INTO customersupplier(id, businessname, iscustomer, issupplier, name, version) VALUES (172, 'Customer supplier n. 172', 1, 1, 'CusSup172', 0)
INSERT INTO plant(id, customersupplier_id, address, isheadoffice, name, version) VALUES (174, 172, 'This is a very long address for HQ n. 172', 1, 'Head quarter', 0)
INSERT INTO customersupplier(id, businessname, iscustomer, issupplier, name, version) VALUES (173, 'Customer supplier n. 173', 1, 1, 'CusSup173', 0)
INSERT INTO plant(id, customersupplier_id, address, isheadoffice, name, version) VALUES (175, 173, 'This is a very long address for HQ n. 173', 1, 'Head quarter', 0)
INSERT INTO customersupplier(id, businessname, iscustomer, issupplier, name, version) VALUES (174, 'Customer supplier n. 174', 1, 1, 'CusSup174', 0)
INSERT INTO plant(id, customersupplier_id, address, isheadoffice, name, version) VALUES (176, 174, 'This is a very long address for HQ n. 174', 1, 'Head quarter', 0)
INSERT INTO customersupplier(id, businessname, iscustomer, issupplier, name, version) VALUES (175, 'Customer supplier n. 175', 1, 1, 'CusSup175', 0)
INSERT INTO plant(id, customersupplier_id, address, isheadoffice, name, version) VALUES (177, 175, 'This is a very long address for HQ n. 175', 1, 'Head quarter', 0)
INSERT INTO customersupplier(id, businessname, iscustomer, issupplier, name, version) VALUES (176, 'Customer supplier n. 176', 1, 1, 'CusSup176', 0)
INSERT INTO plant(id, customersupplier_id, address, isheadoffice, name, version) VALUES (178, 176, 'This is a very long address for HQ n. 176', 1, 'Head quarter', 0)
INSERT INTO customersupplier(id, businessname, iscustomer, issupplier, name, version) VALUES (177, 'Customer supplier n. 177', 1, 1, 'CusSup177', 0)
INSERT INTO plant(id, customersupplier_id, address, isheadoffice, name, version) VALUES (179, 177, 'This is a very long address for HQ n. 177', 1, 'Head quarter', 0)
INSERT INTO customersupplier(id, businessname, iscustomer, issupplier, name, version) VALUES (178, 'Customer supplier n. 178', 1, 1, 'CusSup178', 0)
INSERT INTO plant(id, customersupplier_id, address, isheadoffice, name, version) VALUES (180, 178, 'This is a very long address for HQ n. 178', 1, 'Head quarter', 0)
INSERT INTO customersupplier(id, businessname, iscustomer, issupplier, name, version) VALUES (179, 'Customer supplier n. 179', 1, 1, 'CusSup179', 0)
INSERT INTO plant(id, customersupplier_id, address, isheadoffice, name, version) VALUES (181, 179, 'This is a very long address for HQ n. 179', 1, 'Head quarter', 0)
INSERT INTO customersupplier(id, businessname, iscustomer, issupplier, name, version) VALUES (180, 'Customer supplier n. 180', 1, 1, 'CusSup180', 0)
INSERT INTO plant(id, customersupplier_id, address, isheadoffice, name, version) VALUES (182, 180, 'This is a very long address for HQ n. 180', 1, 'Head quarter', 0)
INSERT INTO customersupplier(id, businessname, iscustomer, issupplier, name, version) VALUES (181, 'Customer supplier n. 181', 1, 1, 'CusSup181', 0)
INSERT INTO plant(id, customersupplier_id, address, isheadoffice, name, version) VALUES (183, 181, 'This is a very long address for HQ n. 181', 1, 'Head quarter', 0)
INSERT INTO customersupplier(id, businessname, iscustomer, issupplier, name, version) VALUES (182, 'Customer supplier n. 182', 1, 1, 'CusSup182', 0)
INSERT INTO plant(id, customersupplier_id, address, isheadoffice, name, version) VALUES (184, 182, 'This is a very long address for HQ n. 182', 1, 'Head quarter', 0)
INSERT INTO customersupplier(id, businessname, iscustomer, issupplier, name, version) VALUES (183, 'Customer supplier n. 183', 1, 1, 'CusSup183', 0)
INSERT INTO plant(id, customersupplier_id, address, isheadoffice, name, version) VALUES (185, 183, 'This is a very long address for HQ n. 183', 1, 'Head quarter', 0)
INSERT INTO customersupplier(id, businessname, iscustomer, issupplier, name, version) VALUES (184, 'Customer supplier n. 184', 1, 1, 'CusSup184', 0)
INSERT INTO plant(id, customersupplier_id, address, isheadoffice, name, version) VALUES (186, 184, 'This is a very long address for HQ n. 184', 1, 'Head quarter', 0)
INSERT INTO customersupplier(id, businessname, iscustomer, issupplier, name, version) VALUES (185, 'Customer supplier n. 185', 1, 1, 'CusSup185', 0)
INSERT INTO plant(id, customersupplier_id, address, isheadoffice, name, version) VALUES (187, 185, 'This is a very long address for HQ n. 185', 1, 'Head quarter', 0)
INSERT INTO customersupplier(id, businessname, iscustomer, issupplier, name, version) VALUES (186, 'Customer supplier n. 186', 1, 1, 'CusSup186', 0)
INSERT INTO plant(id, customersupplier_id, address, isheadoffice, name, version) VALUES (188, 186, 'This is a very long address for HQ n. 186', 1, 'Head quarter', 0)
INSERT INTO customersupplier(id, businessname, iscustomer, issupplier, name, version) VALUES (187, 'Customer supplier n. 187', 1, 1, 'CusSup187', 0)
INSERT INTO plant(id, customersupplier_id, address, isheadoffice, name, version) VALUES (189, 187, 'This is a very long address for HQ n. 187', 1, 'Head quarter', 0)
INSERT INTO customersupplier(id, businessname, iscustomer, issupplier, name, version) VALUES (188, 'Customer supplier n. 188', 1, 1, 'CusSup188', 0)
INSERT INTO plant(id, customersupplier_id, address, isheadoffice, name, version) VALUES (190, 188, 'This is a very long address for HQ n. 188', 1, 'Head quarter', 0)
INSERT INTO customersupplier(id, businessname, iscustomer, issupplier, name, version) VALUES (189, 'Customer supplier n. 189', 1, 1, 'CusSup189', 0)
INSERT INTO plant(id, customersupplier_id, address, isheadoffice, name, version) VALUES (191, 189, 'This is a very long address for HQ n. 189', 1, 'Head quarter', 0)
INSERT INTO customersupplier(id, businessname, iscustomer, issupplier, name, version) VALUES (190, 'Customer supplier n. 190', 1, 1, 'CusSup190', 0)
INSERT INTO plant(id, customersupplier_id, address, isheadoffice, name, version) VALUES (192, 190, 'This is a very long address for HQ n. 190', 1, 'Head quarter', 0)
INSERT INTO customersupplier(id, businessname, iscustomer, issupplier, name, version) VALUES (191, 'Customer supplier n. 191', 1, 1, 'CusSup191', 0)
INSERT INTO plant(id, customersupplier_id, address, isheadoffice, name, version) VALUES (193, 191, 'This is a very long address for HQ n. 191', 1, 'Head quarter', 0)
INSERT INTO customersupplier(id, businessname, iscustomer, issupplier, name, version) VALUES (192, 'Customer supplier n. 192', 1, 1, 'CusSup192', 0)
INSERT INTO plant(id, customersupplier_id, address, isheadoffice, name, version) VALUES (194, 192, 'This is a very long address for HQ n. 192', 1, 'Head quarter', 0)
INSERT INTO customersupplier(id, businessname, iscustomer, issupplier, name, version) VALUES (193, 'Customer supplier n. 193', 1, 1, 'CusSup193', 0)
INSERT INTO plant(id, customersupplier_id, address, isheadoffice, name, version) VALUES (195, 193, 'This is a very long address for HQ n. 193', 1, 'Head quarter', 0)
INSERT INTO customersupplier(id, businessname, iscustomer, issupplier, name, version) VALUES (194, 'Customer supplier n. 194', 1, 1, 'CusSup194', 0)
INSERT INTO plant(id, customersupplier_id, address, isheadoffice, name, version) VALUES (196, 194, 'This is a very long address for HQ n. 194', 1, 'Head quarter', 0)
INSERT INTO customersupplier(id, businessname, iscustomer, issupplier, name, version) VALUES (195, 'Customer supplier n. 195', 1, 1, 'CusSup195', 0)
INSERT INTO plant(id, customersupplier_id, address, isheadoffice, name, version) VALUES (197, 195, 'This is a very long address for HQ n. 195', 1, 'Head quarter', 0)
INSERT INTO customersupplier(id, businessname, iscustomer, issupplier, name, version) VALUES (196, 'Customer supplier n. 196', 1, 1, 'CusSup196', 0)
INSERT INTO plant(id, customersupplier_id, address, isheadoffice, name, version) VALUES (198, 196, 'This is a very long address for HQ n. 196', 1, 'Head quarter', 0)
INSERT INTO customersupplier(id, businessname, iscustomer, issupplier, name, version) VALUES (197, 'Customer supplier n. 197', 1, 1, 'CusSup197', 0)
INSERT INTO plant(id, customersupplier_id, address, isheadoffice, name, version) VALUES (199, 197, 'This is a very long address for HQ n. 197', 1, 'Head quarter', 0)
INSERT INTO customersupplier(id, businessname, iscustomer, issupplier, name, version) VALUES (198, 'Customer supplier n. 198', 1, 1, 'CusSup198', 0)
INSERT INTO plant(id, customersupplier_id, address, isheadoffice, name, version) VALUES (200, 198, 'This is a very long address for HQ n. 198', 1, 'Head quarter', 0)
INSERT INTO customersupplier(id, businessname, iscustomer, issupplier, name, version) VALUES (199, 'Customer supplier n. 199', 1, 1, 'CusSup199', 0)
INSERT INTO plant(id, customersupplier_id, address, isheadoffice, name, version) VALUES (201, 199, 'This is a very long address for HQ n. 199', 1, 'Head quarter', 0)
INSERT INTO customersupplier(id, businessname, iscustomer, issupplier, name, version) VALUES (200, 'Customer supplier n. 200', 1, 1, 'CusSup200', 0)
INSERT INTO plant(id, customersupplier_id, address, isheadoffice, name, version) VALUES (202, 200, 'This is a very long address for HQ n. 200', 1, 'Head quarter', 0)
INSERT INTO customersupplier(id, businessname, iscustomer, issupplier, name, version) VALUES (201, 'Customer supplier n. 201', 1, 1, 'CusSup201', 0)
INSERT INTO plant(id, customersupplier_id, address, isheadoffice, name, version) VALUES (203, 201, 'This is a very long address for HQ n. 201', 1, 'Head quarter', 0)
INSERT INTO customersupplier(id, businessname, iscustomer, issupplier, name, version) VALUES (202, 'Customer supplier n. 202', 1, 1, 'CusSup202', 0)
INSERT INTO plant(id, customersupplier_id, address, isheadoffice, name, version) VALUES (204, 202, 'This is a very long address for HQ n. 202', 1, 'Head quarter', 0)
INSERT INTO customersupplier(id, businessname, iscustomer, issupplier, name, version) VALUES (203, 'Customer supplier n. 203', 1, 1, 'CusSup203', 0)
INSERT INTO plant(id, customersupplier_id, address, isheadoffice, name, version) VALUES (205, 203, 'This is a very long address for HQ n. 203', 1, 'Head quarter', 0)
INSERT INTO customersupplier(id, businessname, iscustomer, issupplier, name, version) VALUES (204, 'Customer supplier n. 204', 1, 1, 'CusSup204', 0)
INSERT INTO plant(id, customersupplier_id, address, isheadoffice, name, version) VALUES (206, 204, 'This is a very long address for HQ n. 204', 1, 'Head quarter', 0)
INSERT INTO customersupplier(id, businessname, iscustomer, issupplier, name, version) VALUES (205, 'Customer supplier n. 205', 1, 1, 'CusSup205', 0)
INSERT INTO plant(id, customersupplier_id, address, isheadoffice, name, version) VALUES (207, 205, 'This is a very long address for HQ n. 205', 1, 'Head quarter', 0)
INSERT INTO customersupplier(id, businessname, iscustomer, issupplier, name, version) VALUES (206, 'Customer supplier n. 206', 1, 1, 'CusSup206', 0)
INSERT INTO plant(id, customersupplier_id, address, isheadoffice, name, version) VALUES (208, 206, 'This is a very long address for HQ n. 206', 1, 'Head quarter', 0)
INSERT INTO customersupplier(id, businessname, iscustomer, issupplier, name, version) VALUES (207, 'Customer supplier n. 207', 1, 1, 'CusSup207', 0)
INSERT INTO plant(id, customersupplier_id, address, isheadoffice, name, version) VALUES (209, 207, 'This is a very long address for HQ n. 207', 1, 'Head quarter', 0)
INSERT INTO customersupplier(id, businessname, iscustomer, issupplier, name, version) VALUES (208, 'Customer supplier n. 208', 1, 1, 'CusSup208', 0)
INSERT INTO plant(id, customersupplier_id, address, isheadoffice, name, version) VALUES (210, 208, 'This is a very long address for HQ n. 208', 1, 'Head quarter', 0)
INSERT INTO customersupplier(id, businessname, iscustomer, issupplier, name, version) VALUES (209, 'Customer supplier n. 209', 1, 1, 'CusSup209', 0)
INSERT INTO plant(id, customersupplier_id, address, isheadoffice, name, version) VALUES (211, 209, 'This is a very long address for HQ n. 209', 1, 'Head quarter', 0)
INSERT INTO customersupplier(id, businessname, iscustomer, issupplier, name, version) VALUES (210, 'Customer supplier n. 210', 1, 1, 'CusSup210', 0)
INSERT INTO plant(id, customersupplier_id, address, isheadoffice, name, version) VALUES (212, 210, 'This is a very long address for HQ n. 210', 1, 'Head quarter', 0)
INSERT INTO customersupplier(id, businessname, iscustomer, issupplier, name, version) VALUES (211, 'Customer supplier n. 211', 1, 1, 'CusSup211', 0)
INSERT INTO plant(id, customersupplier_id, address, isheadoffice, name, version) VALUES (213, 211, 'This is a very long address for HQ n. 211', 1, 'Head quarter', 0)
INSERT INTO customersupplier(id, businessname, iscustomer, issupplier, name, version) VALUES (212, 'Customer supplier n. 212', 1, 1, 'CusSup212', 0)
INSERT INTO plant(id, customersupplier_id, address, isheadoffice, name, version) VALUES (214, 212, 'This is a very long address for HQ n. 212', 1, 'Head quarter', 0)
INSERT INTO customersupplier(id, businessname, iscustomer, issupplier, name, version) VALUES (213, 'Customer supplier n. 213', 1, 1, 'CusSup213', 0)
INSERT INTO plant(id, customersupplier_id, address, isheadoffice, name, version) VALUES (215, 213, 'This is a very long address for HQ n. 213', 1, 'Head quarter', 0)
INSERT INTO customersupplier(id, businessname, iscustomer, issupplier, name, version) VALUES (214, 'Customer supplier n. 214', 1, 1, 'CusSup214', 0)
INSERT INTO plant(id, customersupplier_id, address, isheadoffice, name, version) VALUES (216, 214, 'This is a very long address for HQ n. 214', 1, 'Head quarter', 0)
INSERT INTO customersupplier(id, businessname, iscustomer, issupplier, name, version) VALUES (215, 'Customer supplier n. 215', 1, 1, 'CusSup215', 0)
INSERT INTO plant(id, customersupplier_id, address, isheadoffice, name, version) VALUES (217, 215, 'This is a very long address for HQ n. 215', 1, 'Head quarter', 0)
INSERT INTO customersupplier(id, businessname, iscustomer, issupplier, name, version) VALUES (216, 'Customer supplier n. 216', 1, 1, 'CusSup216', 0)
INSERT INTO plant(id, customersupplier_id, address, isheadoffice, name, version) VALUES (218, 216, 'This is a very long address for HQ n. 216', 1, 'Head quarter', 0)
INSERT INTO customersupplier(id, businessname, iscustomer, issupplier, name, version) VALUES (217, 'Customer supplier n. 217', 1, 1, 'CusSup217', 0)
INSERT INTO plant(id, customersupplier_id, address, isheadoffice, name, version) VALUES (219, 217, 'This is a very long address for HQ n. 217', 1, 'Head quarter', 0)
INSERT INTO customersupplier(id, businessname, iscustomer, issupplier, name, version) VALUES (218, 'Customer supplier n. 218', 1, 1, 'CusSup218', 0)
INSERT INTO plant(id, customersupplier_id, address, isheadoffice, name, version) VALUES (220, 218, 'This is a very long address for HQ n. 218', 1, 'Head quarter', 0)
INSERT INTO customersupplier(id, businessname, iscustomer, issupplier, name, version) VALUES (219, 'Customer supplier n. 219', 1, 1, 'CusSup219', 0)
INSERT INTO plant(id, customersupplier_id, address, isheadoffice, name, version) VALUES (221, 219, 'This is a very long address for HQ n. 219', 1, 'Head quarter', 0)
INSERT INTO customersupplier(id, businessname, iscustomer, issupplier, name, version) VALUES (220, 'Customer supplier n. 220', 1, 1, 'CusSup220', 0)
INSERT INTO plant(id, customersupplier_id, address, isheadoffice, name, version) VALUES (222, 220, 'This is a very long address for HQ n. 220', 1, 'Head quarter', 0)
INSERT INTO customersupplier(id, businessname, iscustomer, issupplier, name, version) VALUES (221, 'Customer supplier n. 221', 1, 1, 'CusSup221', 0)
INSERT INTO plant(id, customersupplier_id, address, isheadoffice, name, version) VALUES (223, 221, 'This is a very long address for HQ n. 221', 1, 'Head quarter', 0)
INSERT INTO customersupplier(id, businessname, iscustomer, issupplier, name, version) VALUES (222, 'Customer supplier n. 222', 1, 1, 'CusSup222', 0)
INSERT INTO plant(id, customersupplier_id, address, isheadoffice, name, version) VALUES (224, 222, 'This is a very long address for HQ n. 222', 1, 'Head quarter', 0)
INSERT INTO customersupplier(id, businessname, iscustomer, issupplier, name, version) VALUES (223, 'Customer supplier n. 223', 1, 1, 'CusSup223', 0)
INSERT INTO plant(id, customersupplier_id, address, isheadoffice, name, version) VALUES (225, 223, 'This is a very long address for HQ n. 223', 1, 'Head quarter', 0)
INSERT INTO customersupplier(id, businessname, iscustomer, issupplier, name, version) VALUES (224, 'Customer supplier n. 224', 1, 1, 'CusSup224', 0)
INSERT INTO plant(id, customersupplier_id, address, isheadoffice, name, version) VALUES (226, 224, 'This is a very long address for HQ n. 224', 1, 'Head quarter', 0)
INSERT INTO customersupplier(id, businessname, iscustomer, issupplier, name, version) VALUES (225, 'Customer supplier n. 225', 1, 1, 'CusSup225', 0)
INSERT INTO plant(id, customersupplier_id, address, isheadoffice, name, version) VALUES (227, 225, 'This is a very long address for HQ n. 225', 1, 'Head quarter', 0)
INSERT INTO customersupplier(id, businessname, iscustomer, issupplier, name, version) VALUES (226, 'Customer supplier n. 226', 1, 1, 'CusSup226', 0)
INSERT INTO plant(id, customersupplier_id, address, isheadoffice, name, version) VALUES (228, 226, 'This is a very long address for HQ n. 226', 1, 'Head quarter', 0)
INSERT INTO customersupplier(id, businessname, iscustomer, issupplier, name, version) VALUES (227, 'Customer supplier n. 227', 1, 1, 'CusSup227', 0)
INSERT INTO plant(id, customersupplier_id, address, isheadoffice, name, version) VALUES (229, 227, 'This is a very long address for HQ n. 227', 1, 'Head quarter', 0)
INSERT INTO customersupplier(id, businessname, iscustomer, issupplier, name, version) VALUES (228, 'Customer supplier n. 228', 1, 1, 'CusSup228', 0)
INSERT INTO plant(id, customersupplier_id, address, isheadoffice, name, version) VALUES (230, 228, 'This is a very long address for HQ n. 228', 1, 'Head quarter', 0)
INSERT INTO customersupplier(id, businessname, iscustomer, issupplier, name, version) VALUES (229, 'Customer supplier n. 229', 1, 1, 'CusSup229', 0)
INSERT INTO plant(id, customersupplier_id, address, isheadoffice, name, version) VALUES (231, 229, 'This is a very long address for HQ n. 229', 1, 'Head quarter', 0)
INSERT INTO customersupplier(id, businessname, iscustomer, issupplier, name, version) VALUES (230, 'Customer supplier n. 230', 1, 1, 'CusSup230', 0)
INSERT INTO plant(id, customersupplier_id, address, isheadoffice, name, version) VALUES (232, 230, 'This is a very long address for HQ n. 230', 1, 'Head quarter', 0)
INSERT INTO customersupplier(id, businessname, iscustomer, issupplier, name, version) VALUES (231, 'Customer supplier n. 231', 1, 1, 'CusSup231', 0)
INSERT INTO plant(id, customersupplier_id, address, isheadoffice, name, version) VALUES (233, 231, 'This is a very long address for HQ n. 231', 1, 'Head quarter', 0)
INSERT INTO customersupplier(id, businessname, iscustomer, issupplier, name, version) VALUES (232, 'Customer supplier n. 232', 1, 1, 'CusSup232', 0)
INSERT INTO plant(id, customersupplier_id, address, isheadoffice, name, version) VALUES (234, 232, 'This is a very long address for HQ n. 232', 1, 'Head quarter', 0)
INSERT INTO customersupplier(id, businessname, iscustomer, issupplier, name, version) VALUES (233, 'Customer supplier n. 233', 1, 1, 'CusSup233', 0)
INSERT INTO plant(id, customersupplier_id, address, isheadoffice, name, version) VALUES (235, 233, 'This is a very long address for HQ n. 233', 1, 'Head quarter', 0)
INSERT INTO customersupplier(id, businessname, iscustomer, issupplier, name, version) VALUES (234, 'Customer supplier n. 234', 1, 1, 'CusSup234', 0)
INSERT INTO plant(id, customersupplier_id, address, isheadoffice, name, version) VALUES (236, 234, 'This is a very long address for HQ n. 234', 1, 'Head quarter', 0)
INSERT INTO customersupplier(id, businessname, iscustomer, issupplier, name, version) VALUES (235, 'Customer supplier n. 235', 1, 1, 'CusSup235', 0)
INSERT INTO plant(id, customersupplier_id, address, isheadoffice, name, version) VALUES (237, 235, 'This is a very long address for HQ n. 235', 1, 'Head quarter', 0)
INSERT INTO customersupplier(id, businessname, iscustomer, issupplier, name, version) VALUES (236, 'Customer supplier n. 236', 1, 1, 'CusSup236', 0)
INSERT INTO plant(id, customersupplier_id, address, isheadoffice, name, version) VALUES (238, 236, 'This is a very long address for HQ n. 236', 1, 'Head quarter', 0)
INSERT INTO customersupplier(id, businessname, iscustomer, issupplier, name, version) VALUES (237, 'Customer supplier n. 237', 1, 1, 'CusSup237', 0)
INSERT INTO plant(id, customersupplier_id, address, isheadoffice, name, version) VALUES (239, 237, 'This is a very long address for HQ n. 237', 1, 'Head quarter', 0)
INSERT INTO customersupplier(id, businessname, iscustomer, issupplier, name, version) VALUES (238, 'Customer supplier n. 238', 1, 1, 'CusSup238', 0)
INSERT INTO plant(id, customersupplier_id, address, isheadoffice, name, version) VALUES (240, 238, 'This is a very long address for HQ n. 238', 1, 'Head quarter', 0)
INSERT INTO customersupplier(id, businessname, iscustomer, issupplier, name, version) VALUES (239, 'Customer supplier n. 239', 1, 1, 'CusSup239', 0)
INSERT INTO plant(id, customersupplier_id, address, isheadoffice, name, version) VALUES (241, 239, 'This is a very long address for HQ n. 239', 1, 'Head quarter', 0)
INSERT INTO customersupplier(id, businessname, iscustomer, issupplier, name, version) VALUES (240, 'Customer supplier n. 240', 1, 1, 'CusSup240', 0)
INSERT INTO plant(id, customersupplier_id, address, isheadoffice, name, version) VALUES (242, 240, 'This is a very long address for HQ n. 240', 1, 'Head quarter', 0)
INSERT INTO customersupplier(id, businessname, iscustomer, issupplier, name, version) VALUES (241, 'Customer supplier n. 241', 1, 1, 'CusSup241', 0)
INSERT INTO plant(id, customersupplier_id, address, isheadoffice, name, version) VALUES (243, 241, 'This is a very long address for HQ n. 241', 1, 'Head quarter', 0)
INSERT INTO customersupplier(id, businessname, iscustomer, issupplier, name, version) VALUES (242, 'Customer supplier n. 242', 1, 1, 'CusSup242', 0)
INSERT INTO plant(id, customersupplier_id, address, isheadoffice, name, version) VALUES (244, 242, 'This is a very long address for HQ n. 242', 1, 'Head quarter', 0)
INSERT INTO customersupplier(id, businessname, iscustomer, issupplier, name, version) VALUES (243, 'Customer supplier n. 243', 1, 1, 'CusSup243', 0)
INSERT INTO plant(id, customersupplier_id, address, isheadoffice, name, version) VALUES (245, 243, 'This is a very long address for HQ n. 243', 1, 'Head quarter', 0)
INSERT INTO customersupplier(id, businessname, iscustomer, issupplier, name, version) VALUES (244, 'Customer supplier n. 244', 1, 1, 'CusSup244', 0)
INSERT INTO plant(id, customersupplier_id, address, isheadoffice, name, version) VALUES (246, 244, 'This is a very long address for HQ n. 244', 1, 'Head quarter', 0)
INSERT INTO customersupplier(id, businessname, iscustomer, issupplier, name, version) VALUES (245, 'Customer supplier n. 245', 1, 1, 'CusSup245', 0)
INSERT INTO plant(id, customersupplier_id, address, isheadoffice, name, version) VALUES (247, 245, 'This is a very long address for HQ n. 245', 1, 'Head quarter', 0)
INSERT INTO customersupplier(id, businessname, iscustomer, issupplier, name, version) VALUES (246, 'Customer supplier n. 246', 1, 1, 'CusSup246', 0)
INSERT INTO plant(id, customersupplier_id, address, isheadoffice, name, version) VALUES (248, 246, 'This is a very long address for HQ n. 246', 1, 'Head quarter', 0)
INSERT INTO customersupplier(id, businessname, iscustomer, issupplier, name, version) VALUES (247, 'Customer supplier n. 247', 1, 1, 'CusSup247', 0)
INSERT INTO plant(id, customersupplier_id, address, isheadoffice, name, version) VALUES (249, 247, 'This is a very long address for HQ n. 247', 1, 'Head quarter', 0)
INSERT INTO customersupplier(id, businessname, iscustomer, issupplier, name, version) VALUES (248, 'Customer supplier n. 248', 1, 1, 'CusSup248', 0)
INSERT INTO plant(id, customersupplier_id, address, isheadoffice, name, version) VALUES (250, 248, 'This is a very long address for HQ n. 248', 1, 'Head quarter', 0)
INSERT INTO customersupplier(id, businessname, iscustomer, issupplier, name, version) VALUES (249, 'Customer supplier n. 249', 1, 1, 'CusSup249', 0)
INSERT INTO plant(id, customersupplier_id, address, isheadoffice, name, version) VALUES (251, 249, 'This is a very long address for HQ n. 249', 1, 'Head quarter', 0)
INSERT INTO customersupplier(id, businessname, iscustomer, issupplier, name, version) VALUES (250, 'Customer supplier n. 250', 1, 1, 'CusSup250', 0)
INSERT INTO plant(id, customersupplier_id, address, isheadoffice, name, version) VALUES (252, 250, 'This is a very long address for HQ n. 250', 1, 'Head quarter', 0)
INSERT INTO customersupplier(id, businessname, iscustomer, issupplier, name, version) VALUES (251, 'Customer supplier n. 251', 1, 1, 'CusSup251', 0)
INSERT INTO plant(id, customersupplier_id, address, isheadoffice, name, version) VALUES (253, 251, 'This is a very long address for HQ n. 251', 1, 'Head quarter', 0)
INSERT INTO customersupplier(id, businessname, iscustomer, issupplier, name, version) VALUES (252, 'Customer supplier n. 252', 1, 1, 'CusSup252', 0)
INSERT INTO plant(id, customersupplier_id, address, isheadoffice, name, version) VALUES (254, 252, 'This is a very long address for HQ n. 252', 1, 'Head quarter', 0)
INSERT INTO customersupplier(id, businessname, iscustomer, issupplier, name, version) VALUES (253, 'Customer supplier n. 253', 1, 1, 'CusSup253', 0)
INSERT INTO plant(id, customersupplier_id, address, isheadoffice, name, version) VALUES (255, 253, 'This is a very long address for HQ n. 253', 1, 'Head quarter', 0)
INSERT INTO customersupplier(id, businessname, iscustomer, issupplier, name, version) VALUES (254, 'Customer supplier n. 254', 1, 1, 'CusSup254', 0)
INSERT INTO plant(id, customersupplier_id, address, isheadoffice, name, version) VALUES (256, 254, 'This is a very long address for HQ n. 254', 1, 'Head quarter', 0)
INSERT INTO customersupplier(id, businessname, iscustomer, issupplier, name, version) VALUES (255, 'Customer supplier n. 255', 1, 1, 'CusSup255', 0)
INSERT INTO plant(id, customersupplier_id, address, isheadoffice, name, version) VALUES (257, 255, 'This is a very long address for HQ n. 255', 1, 'Head quarter', 0)
INSERT INTO customersupplier(id, businessname, iscustomer, issupplier, name, version) VALUES (256, 'Customer supplier n. 256', 1, 1, 'CusSup256', 0)
INSERT INTO plant(id, customersupplier_id, address, isheadoffice, name, version) VALUES (258, 256, 'This is a very long address for HQ n. 256', 1, 'Head quarter', 0)
INSERT INTO customersupplier(id, businessname, iscustomer, issupplier, name, version) VALUES (257, 'Customer supplier n. 257', 1, 1, 'CusSup257', 0)
INSERT INTO plant(id, customersupplier_id, address, isheadoffice, name, version) VALUES (259, 257, 'This is a very long address for HQ n. 257', 1, 'Head quarter', 0)
INSERT INTO customersupplier(id, businessname, iscustomer, issupplier, name, version) VALUES (258, 'Customer supplier n. 258', 1, 1, 'CusSup258', 0)
INSERT INTO plant(id, customersupplier_id, address, isheadoffice, name, version) VALUES (260, 258, 'This is a very long address for HQ n. 258', 1, 'Head quarter', 0)
INSERT INTO customersupplier(id, businessname, iscustomer, issupplier, name, version) VALUES (259, 'Customer supplier n. 259', 1, 1, 'CusSup259', 0)
INSERT INTO plant(id, customersupplier_id, address, isheadoffice, name, version) VALUES (261, 259, 'This is a very long address for HQ n. 259', 1, 'Head quarter', 0)
INSERT INTO customersupplier(id, businessname, iscustomer, issupplier, name, version) VALUES (260, 'Customer supplier n. 260', 1, 1, 'CusSup260', 0)
INSERT INTO plant(id, customersupplier_id, address, isheadoffice, name, version) VALUES (262, 260, 'This is a very long address for HQ n. 260', 1, 'Head quarter', 0)
INSERT INTO customersupplier(id, businessname, iscustomer, issupplier, name, version) VALUES (261, 'Customer supplier n. 261', 1, 1, 'CusSup261', 0)
INSERT INTO plant(id, customersupplier_id, address, isheadoffice, name, version) VALUES (263, 261, 'This is a very long address for HQ n. 261', 1, 'Head quarter', 0)
INSERT INTO customersupplier(id, businessname, iscustomer, issupplier, name, version) VALUES (262, 'Customer supplier n. 262', 1, 1, 'CusSup262', 0)
INSERT INTO plant(id, customersupplier_id, address, isheadoffice, name, version) VALUES (264, 262, 'This is a very long address for HQ n. 262', 1, 'Head quarter', 0)
INSERT INTO customersupplier(id, businessname, iscustomer, issupplier, name, version) VALUES (263, 'Customer supplier n. 263', 1, 1, 'CusSup263', 0)
INSERT INTO plant(id, customersupplier_id, address, isheadoffice, name, version) VALUES (265, 263, 'This is a very long address for HQ n. 263', 1, 'Head quarter', 0)
INSERT INTO customersupplier(id, businessname, iscustomer, issupplier, name, version) VALUES (264, 'Customer supplier n. 264', 1, 1, 'CusSup264', 0)
INSERT INTO plant(id, customersupplier_id, address, isheadoffice, name, version) VALUES (266, 264, 'This is a very long address for HQ n. 264', 1, 'Head quarter', 0)
INSERT INTO customersupplier(id, businessname, iscustomer, issupplier, name, version) VALUES (265, 'Customer supplier n. 265', 1, 1, 'CusSup265', 0)
INSERT INTO plant(id, customersupplier_id, address, isheadoffice, name, version) VALUES (267, 265, 'This is a very long address for HQ n. 265', 1, 'Head quarter', 0)
INSERT INTO customersupplier(id, businessname, iscustomer, issupplier, name, version) VALUES (266, 'Customer supplier n. 266', 1, 1, 'CusSup266', 0)
INSERT INTO plant(id, customersupplier_id, address, isheadoffice, name, version) VALUES (268, 266, 'This is a very long address for HQ n. 266', 1, 'Head quarter', 0)
INSERT INTO customersupplier(id, businessname, iscustomer, issupplier, name, version) VALUES (267, 'Customer supplier n. 267', 1, 1, 'CusSup267', 0)
INSERT INTO plant(id, customersupplier_id, address, isheadoffice, name, version) VALUES (269, 267, 'This is a very long address for HQ n. 267', 1, 'Head quarter', 0)
INSERT INTO customersupplier(id, businessname, iscustomer, issupplier, name, version) VALUES (268, 'Customer supplier n. 268', 1, 1, 'CusSup268', 0)
INSERT INTO plant(id, customersupplier_id, address, isheadoffice, name, version) VALUES (270, 268, 'This is a very long address for HQ n. 268', 1, 'Head quarter', 0)
INSERT INTO customersupplier(id, businessname, iscustomer, issupplier, name, version) VALUES (269, 'Customer supplier n. 269', 1, 1, 'CusSup269', 0)
INSERT INTO plant(id, customersupplier_id, address, isheadoffice, name, version) VALUES (271, 269, 'This is a very long address for HQ n. 269', 1, 'Head quarter', 0)
INSERT INTO customersupplier(id, businessname, iscustomer, issupplier, name, version) VALUES (270, 'Customer supplier n. 270', 1, 1, 'CusSup270', 0)
INSERT INTO plant(id, customersupplier_id, address, isheadoffice, name, version) VALUES (272, 270, 'This is a very long address for HQ n. 270', 1, 'Head quarter', 0)
INSERT INTO customersupplier(id, businessname, iscustomer, issupplier, name, version) VALUES (271, 'Customer supplier n. 271', 1, 1, 'CusSup271', 0)
INSERT INTO plant(id, customersupplier_id, address, isheadoffice, name, version) VALUES (273, 271, 'This is a very long address for HQ n. 271', 1, 'Head quarter', 0)
INSERT INTO customersupplier(id, businessname, iscustomer, issupplier, name, version) VALUES (272, 'Customer supplier n. 272', 1, 1, 'CusSup272', 0)
INSERT INTO plant(id, customersupplier_id, address, isheadoffice, name, version) VALUES (274, 272, 'This is a very long address for HQ n. 272', 1, 'Head quarter', 0)
INSERT INTO customersupplier(id, businessname, iscustomer, issupplier, name, version) VALUES (273, 'Customer supplier n. 273', 1, 1, 'CusSup273', 0)
INSERT INTO plant(id, customersupplier_id, address, isheadoffice, name, version) VALUES (275, 273, 'This is a very long address for HQ n. 273', 1, 'Head quarter', 0)
INSERT INTO customersupplier(id, businessname, iscustomer, issupplier, name, version) VALUES (274, 'Customer supplier n. 274', 1, 1, 'CusSup274', 0)
INSERT INTO plant(id, customersupplier_id, address, isheadoffice, name, version) VALUES (276, 274, 'This is a very long address for HQ n. 274', 1, 'Head quarter', 0)
INSERT INTO customersupplier(id, businessname, iscustomer, issupplier, name, version) VALUES (275, 'Customer supplier n. 275', 1, 1, 'CusSup275', 0)
INSERT INTO plant(id, customersupplier_id, address, isheadoffice, name, version) VALUES (277, 275, 'This is a very long address for HQ n. 275', 1, 'Head quarter', 0)
INSERT INTO customersupplier(id, businessname, iscustomer, issupplier, name, version) VALUES (276, 'Customer supplier n. 276', 1, 1, 'CusSup276', 0)
INSERT INTO plant(id, customersupplier_id, address, isheadoffice, name, version) VALUES (278, 276, 'This is a very long address for HQ n. 276', 1, 'Head quarter', 0)
INSERT INTO customersupplier(id, businessname, iscustomer, issupplier, name, version) VALUES (277, 'Customer supplier n. 277', 1, 1, 'CusSup277', 0)
INSERT INTO plant(id, customersupplier_id, address, isheadoffice, name, version) VALUES (279, 277, 'This is a very long address for HQ n. 277', 1, 'Head quarter', 0)
INSERT INTO customersupplier(id, businessname, iscustomer, issupplier, name, version) VALUES (278, 'Customer supplier n. 278', 1, 1, 'CusSup278', 0)
INSERT INTO plant(id, customersupplier_id, address, isheadoffice, name, version) VALUES (280, 278, 'This is a very long address for HQ n. 278', 1, 'Head quarter', 0)
INSERT INTO customersupplier(id, businessname, iscustomer, issupplier, name, version) VALUES (279, 'Customer supplier n. 279', 1, 1, 'CusSup279', 0)
INSERT INTO plant(id, customersupplier_id, address, isheadoffice, name, version) VALUES (281, 279, 'This is a very long address for HQ n. 279', 1, 'Head quarter', 0)
INSERT INTO customersupplier(id, businessname, iscustomer, issupplier, name, version) VALUES (280, 'Customer supplier n. 280', 1, 1, 'CusSup280', 0)
INSERT INTO plant(id, customersupplier_id, address, isheadoffice, name, version) VALUES (282, 280, 'This is a very long address for HQ n. 280', 1, 'Head quarter', 0)
INSERT INTO customersupplier(id, businessname, iscustomer, issupplier, name, version) VALUES (281, 'Customer supplier n. 281', 1, 1, 'CusSup281', 0)
INSERT INTO plant(id, customersupplier_id, address, isheadoffice, name, version) VALUES (283, 281, 'This is a very long address for HQ n. 281', 1, 'Head quarter', 0)
INSERT INTO customersupplier(id, businessname, iscustomer, issupplier, name, version) VALUES (282, 'Customer supplier n. 282', 1, 1, 'CusSup282', 0)
INSERT INTO plant(id, customersupplier_id, address, isheadoffice, name, version) VALUES (284, 282, 'This is a very long address for HQ n. 282', 1, 'Head quarter', 0)
INSERT INTO customersupplier(id, businessname, iscustomer, issupplier, name, version) VALUES (283, 'Customer supplier n. 283', 1, 1, 'CusSup283', 0)
INSERT INTO plant(id, customersupplier_id, address, isheadoffice, name, version) VALUES (285, 283, 'This is a very long address for HQ n. 283', 1, 'Head quarter', 0)
INSERT INTO customersupplier(id, businessname, iscustomer, issupplier, name, version) VALUES (284, 'Customer supplier n. 284', 1, 1, 'CusSup284', 0)
INSERT INTO plant(id, customersupplier_id, address, isheadoffice, name, version) VALUES (286, 284, 'This is a very long address for HQ n. 284', 1, 'Head quarter', 0)
INSERT INTO customersupplier(id, businessname, iscustomer, issupplier, name, version) VALUES (285, 'Customer supplier n. 285', 1, 1, 'CusSup285', 0)
INSERT INTO plant(id, customersupplier_id, address, isheadoffice, name, version) VALUES (287, 285, 'This is a very long address for HQ n. 285', 1, 'Head quarter', 0)
INSERT INTO customersupplier(id, businessname, iscustomer, issupplier, name, version) VALUES (286, 'Customer supplier n. 286', 1, 1, 'CusSup286', 0)
INSERT INTO plant(id, customersupplier_id, address, isheadoffice, name, version) VALUES (288, 286, 'This is a very long address for HQ n. 286', 1, 'Head quarter', 0)
INSERT INTO customersupplier(id, businessname, iscustomer, issupplier, name, version) VALUES (287, 'Customer supplier n. 287', 1, 1, 'CusSup287', 0)
INSERT INTO plant(id, customersupplier_id, address, isheadoffice, name, version) VALUES (289, 287, 'This is a very long address for HQ n. 287', 1, 'Head quarter', 0)
INSERT INTO customersupplier(id, businessname, iscustomer, issupplier, name, version) VALUES (288, 'Customer supplier n. 288', 1, 1, 'CusSup288', 0)
INSERT INTO plant(id, customersupplier_id, address, isheadoffice, name, version) VALUES (290, 288, 'This is a very long address for HQ n. 288', 1, 'Head quarter', 0)
INSERT INTO customersupplier(id, businessname, iscustomer, issupplier, name, version) VALUES (289, 'Customer supplier n. 289', 1, 1, 'CusSup289', 0)
INSERT INTO plant(id, customersupplier_id, address, isheadoffice, name, version) VALUES (291, 289, 'This is a very long address for HQ n. 289', 1, 'Head quarter', 0)
INSERT INTO customersupplier(id, businessname, iscustomer, issupplier, name, version) VALUES (290, 'Customer supplier n. 290', 1, 1, 'CusSup290', 0)
INSERT INTO plant(id, customersupplier_id, address, isheadoffice, name, version) VALUES (292, 290, 'This is a very long address for HQ n. 290', 1, 'Head quarter', 0)
INSERT INTO customersupplier(id, businessname, iscustomer, issupplier, name, version) VALUES (291, 'Customer supplier n. 291', 1, 1, 'CusSup291', 0)
INSERT INTO plant(id, customersupplier_id, address, isheadoffice, name, version) VALUES (293, 291, 'This is a very long address for HQ n. 291', 1, 'Head quarter', 0)
INSERT INTO customersupplier(id, businessname, iscustomer, issupplier, name, version) VALUES (292, 'Customer supplier n. 292', 1, 1, 'CusSup292', 0)
INSERT INTO plant(id, customersupplier_id, address, isheadoffice, name, version) VALUES (294, 292, 'This is a very long address for HQ n. 292', 1, 'Head quarter', 0)
INSERT INTO customersupplier(id, businessname, iscustomer, issupplier, name, version) VALUES (293, 'Customer supplier n. 293', 1, 1, 'CusSup293', 0)
INSERT INTO plant(id, customersupplier_id, address, isheadoffice, name, version) VALUES (295, 293, 'This is a very long address for HQ n. 293', 1, 'Head quarter', 0)
INSERT INTO customersupplier(id, businessname, iscustomer, issupplier, name, version) VALUES (294, 'Customer supplier n. 294', 1, 1, 'CusSup294', 0)
INSERT INTO plant(id, customersupplier_id, address, isheadoffice, name, version) VALUES (296, 294, 'This is a very long address for HQ n. 294', 1, 'Head quarter', 0)
INSERT INTO customersupplier(id, businessname, iscustomer, issupplier, name, version) VALUES (295, 'Customer supplier n. 295', 1, 1, 'CusSup295', 0)
INSERT INTO plant(id, customersupplier_id, address, isheadoffice, name, version) VALUES (297, 295, 'This is a very long address for HQ n. 295', 1, 'Head quarter', 0)
INSERT INTO customersupplier(id, businessname, iscustomer, issupplier, name, version) VALUES (296, 'Customer supplier n. 296', 1, 1, 'CusSup296', 0)
INSERT INTO plant(id, customersupplier_id, address, isheadoffice, name, version) VALUES (298, 296, 'This is a very long address for HQ n. 296', 1, 'Head quarter', 0)
INSERT INTO customersupplier(id, businessname, iscustomer, issupplier, name, version) VALUES (297, 'Customer supplier n. 297', 1, 1, 'CusSup297', 0)
INSERT INTO plant(id, customersupplier_id, address, isheadoffice, name, version) VALUES (299, 297, 'This is a very long address for HQ n. 297', 1, 'Head quarter', 0)
INSERT INTO customersupplier(id, businessname, iscustomer, issupplier, name, version) VALUES (298, 'Customer supplier n. 298', 1, 1, 'CusSup298', 0)
INSERT INTO plant(id, customersupplier_id, address, isheadoffice, name, version) VALUES (300, 298, 'This is a very long address for HQ n. 298', 1, 'Head quarter', 0)
INSERT INTO customersupplier(id, businessname, iscustomer, issupplier, name, version) VALUES (299, 'Customer supplier n. 299', 1, 1, 'CusSup299', 0)
INSERT INTO plant(id, customersupplier_id, address, isheadoffice, name, version) VALUES (301, 299, 'This is a very long address for HQ n. 299', 1, 'Head quarter', 0)
INSERT INTO customersupplier(id, businessname, iscustomer, issupplier, name, version) VALUES (300, 'Customer supplier n. 300', 1, 1, 'CusSup300', 0)
INSERT INTO plant(id, customersupplier_id, address, isheadoffice, name, version) VALUES (302, 300, 'This is a very long address for HQ n. 300', 1, 'Head quarter', 0)
INSERT INTO customersupplier(id, businessname, iscustomer, issupplier, name, version) VALUES (301, 'Customer supplier n. 301', 1, 1, 'CusSup301', 0)
INSERT INTO plant(id, customersupplier_id, address, isheadoffice, name, version) VALUES (303, 301, 'This is a very long address for HQ n. 301', 1, 'Head quarter', 0)
INSERT INTO customersupplier(id, businessname, iscustomer, issupplier, name, version) VALUES (302, 'Customer supplier n. 302', 1, 1, 'CusSup302', 0)
INSERT INTO plant(id, customersupplier_id, address, isheadoffice, name, version) VALUES (304, 302, 'This is a very long address for HQ n. 302', 1, 'Head quarter', 0)
INSERT INTO customersupplier(id, businessname, iscustomer, issupplier, name, version) VALUES (303, 'Customer supplier n. 303', 1, 1, 'CusSup303', 0)
INSERT INTO plant(id, customersupplier_id, address, isheadoffice, name, version) VALUES (305, 303, 'This is a very long address for HQ n. 303', 1, 'Head quarter', 0)
INSERT INTO customersupplier(id, businessname, iscustomer, issupplier, name, version) VALUES (304, 'Customer supplier n. 304', 1, 1, 'CusSup304', 0)
INSERT INTO plant(id, customersupplier_id, address, isheadoffice, name, version) VALUES (306, 304, 'This is a very long address for HQ n. 304', 1, 'Head quarter', 0)
INSERT INTO customersupplier(id, businessname, iscustomer, issupplier, name, version) VALUES (305, 'Customer supplier n. 305', 1, 1, 'CusSup305', 0)
INSERT INTO plant(id, customersupplier_id, address, isheadoffice, name, version) VALUES (307, 305, 'This is a very long address for HQ n. 305', 1, 'Head quarter', 0)
INSERT INTO customersupplier(id, businessname, iscustomer, issupplier, name, version) VALUES (306, 'Customer supplier n. 306', 1, 1, 'CusSup306', 0)
INSERT INTO plant(id, customersupplier_id, address, isheadoffice, name, version) VALUES (308, 306, 'This is a very long address for HQ n. 306', 1, 'Head quarter', 0)
INSERT INTO customersupplier(id, businessname, iscustomer, issupplier, name, version) VALUES (307, 'Customer supplier n. 307', 1, 1, 'CusSup307', 0)
INSERT INTO plant(id, customersupplier_id, address, isheadoffice, name, version) VALUES (309, 307, 'This is a very long address for HQ n. 307', 1, 'Head quarter', 0)
INSERT INTO customersupplier(id, businessname, iscustomer, issupplier, name, version) VALUES (308, 'Customer supplier n. 308', 1, 1, 'CusSup308', 0)
INSERT INTO plant(id, customersupplier_id, address, isheadoffice, name, version) VALUES (310, 308, 'This is a very long address for HQ n. 308', 1, 'Head quarter', 0)
INSERT INTO customersupplier(id, businessname, iscustomer, issupplier, name, version) VALUES (309, 'Customer supplier n. 309', 1, 1, 'CusSup309', 0)
INSERT INTO plant(id, customersupplier_id, address, isheadoffice, name, version) VALUES (311, 309, 'This is a very long address for HQ n. 309', 1, 'Head quarter', 0)
INSERT INTO customersupplier(id, businessname, iscustomer, issupplier, name, version) VALUES (310, 'Customer supplier n. 310', 1, 1, 'CusSup310', 0)
INSERT INTO plant(id, customersupplier_id, address, isheadoffice, name, version) VALUES (312, 310, 'This is a very long address for HQ n. 310', 1, 'Head quarter', 0)
INSERT INTO customersupplier(id, businessname, iscustomer, issupplier, name, version) VALUES (311, 'Customer supplier n. 311', 1, 1, 'CusSup311', 0)
INSERT INTO plant(id, customersupplier_id, address, isheadoffice, name, version) VALUES (313, 311, 'This is a very long address for HQ n. 311', 1, 'Head quarter', 0)
INSERT INTO customersupplier(id, businessname, iscustomer, issupplier, name, version) VALUES (312, 'Customer supplier n. 312', 1, 1, 'CusSup312', 0)
INSERT INTO plant(id, customersupplier_id, address, isheadoffice, name, version) VALUES (314, 312, 'This is a very long address for HQ n. 312', 1, 'Head quarter', 0)
INSERT INTO customersupplier(id, businessname, iscustomer, issupplier, name, version) VALUES (313, 'Customer supplier n. 313', 1, 1, 'CusSup313', 0)
INSERT INTO plant(id, customersupplier_id, address, isheadoffice, name, version) VALUES (315, 313, 'This is a very long address for HQ n. 313', 1, 'Head quarter', 0)
INSERT INTO customersupplier(id, businessname, iscustomer, issupplier, name, version) VALUES (314, 'Customer supplier n. 314', 1, 1, 'CusSup314', 0)
INSERT INTO plant(id, customersupplier_id, address, isheadoffice, name, version) VALUES (316, 314, 'This is a very long address for HQ n. 314', 1, 'Head quarter', 0)
INSERT INTO customersupplier(id, businessname, iscustomer, issupplier, name, version) VALUES (315, 'Customer supplier n. 315', 1, 1, 'CusSup315', 0)
INSERT INTO plant(id, customersupplier_id, address, isheadoffice, name, version) VALUES (317, 315, 'This is a very long address for HQ n. 315', 1, 'Head quarter', 0)
INSERT INTO customersupplier(id, businessname, iscustomer, issupplier, name, version) VALUES (316, 'Customer supplier n. 316', 1, 1, 'CusSup316', 0)
INSERT INTO plant(id, customersupplier_id, address, isheadoffice, name, version) VALUES (318, 316, 'This is a very long address for HQ n. 316', 1, 'Head quarter', 0)
INSERT INTO customersupplier(id, businessname, iscustomer, issupplier, name, version) VALUES (317, 'Customer supplier n. 317', 1, 1, 'CusSup317', 0)
INSERT INTO plant(id, customersupplier_id, address, isheadoffice, name, version) VALUES (319, 317, 'This is a very long address for HQ n. 317', 1, 'Head quarter', 0)
INSERT INTO customersupplier(id, businessname, iscustomer, issupplier, name, version) VALUES (318, 'Customer supplier n. 318', 1, 1, 'CusSup318', 0)
INSERT INTO plant(id, customersupplier_id, address, isheadoffice, name, version) VALUES (320, 318, 'This is a very long address for HQ n. 318', 1, 'Head quarter', 0)
INSERT INTO customersupplier(id, businessname, iscustomer, issupplier, name, version) VALUES (319, 'Customer supplier n. 319', 1, 1, 'CusSup319', 0)
INSERT INTO plant(id, customersupplier_id, address, isheadoffice, name, version) VALUES (321, 319, 'This is a very long address for HQ n. 319', 1, 'Head quarter', 0)
INSERT INTO customersupplier(id, businessname, iscustomer, issupplier, name, version) VALUES (320, 'Customer supplier n. 320', 1, 1, 'CusSup320', 0)
INSERT INTO plant(id, customersupplier_id, address, isheadoffice, name, version) VALUES (322, 320, 'This is a very long address for HQ n. 320', 1, 'Head quarter', 0)
INSERT INTO customersupplier(id, businessname, iscustomer, issupplier, name, version) VALUES (321, 'Customer supplier n. 321', 1, 1, 'CusSup321', 0)
INSERT INTO plant(id, customersupplier_id, address, isheadoffice, name, version) VALUES (323, 321, 'This is a very long address for HQ n. 321', 1, 'Head quarter', 0)
INSERT INTO customersupplier(id, businessname, iscustomer, issupplier, name, version) VALUES (322, 'Customer supplier n. 322', 1, 1, 'CusSup322', 0)
INSERT INTO plant(id, customersupplier_id, address, isheadoffice, name, version) VALUES (324, 322, 'This is a very long address for HQ n. 322', 1, 'Head quarter', 0)
INSERT INTO customersupplier(id, businessname, iscustomer, issupplier, name, version) VALUES (323, 'Customer supplier n. 323', 1, 1, 'CusSup323', 0)
INSERT INTO plant(id, customersupplier_id, address, isheadoffice, name, version) VALUES (325, 323, 'This is a very long address for HQ n. 323', 1, 'Head quarter', 0)
INSERT INTO customersupplier(id, businessname, iscustomer, issupplier, name, version) VALUES (324, 'Customer supplier n. 324', 1, 1, 'CusSup324', 0)
INSERT INTO plant(id, customersupplier_id, address, isheadoffice, name, version) VALUES (326, 324, 'This is a very long address for HQ n. 324', 1, 'Head quarter', 0)
INSERT INTO customersupplier(id, businessname, iscustomer, issupplier, name, version) VALUES (325, 'Customer supplier n. 325', 1, 1, 'CusSup325', 0)
INSERT INTO plant(id, customersupplier_id, address, isheadoffice, name, version) VALUES (327, 325, 'This is a very long address for HQ n. 325', 1, 'Head quarter', 0)
INSERT INTO customersupplier(id, businessname, iscustomer, issupplier, name, version) VALUES (326, 'Customer supplier n. 326', 1, 1, 'CusSup326', 0)
INSERT INTO plant(id, customersupplier_id, address, isheadoffice, name, version) VALUES (328, 326, 'This is a very long address for HQ n. 326', 1, 'Head quarter', 0)
INSERT INTO customersupplier(id, businessname, iscustomer, issupplier, name, version) VALUES (327, 'Customer supplier n. 327', 1, 1, 'CusSup327', 0)
INSERT INTO plant(id, customersupplier_id, address, isheadoffice, name, version) VALUES (329, 327, 'This is a very long address for HQ n. 327', 1, 'Head quarter', 0)
INSERT INTO customersupplier(id, businessname, iscustomer, issupplier, name, version) VALUES (328, 'Customer supplier n. 328', 1, 1, 'CusSup328', 0)
INSERT INTO plant(id, customersupplier_id, address, isheadoffice, name, version) VALUES (330, 328, 'This is a very long address for HQ n. 328', 1, 'Head quarter', 0)
INSERT INTO customersupplier(id, businessname, iscustomer, issupplier, name, version) VALUES (329, 'Customer supplier n. 329', 1, 1, 'CusSup329', 0)
INSERT INTO plant(id, customersupplier_id, address, isheadoffice, name, version) VALUES (331, 329, 'This is a very long address for HQ n. 329', 1, 'Head quarter', 0)
INSERT INTO customersupplier(id, businessname, iscustomer, issupplier, name, version) VALUES (330, 'Customer supplier n. 330', 1, 1, 'CusSup330', 0)
INSERT INTO plant(id, customersupplier_id, address, isheadoffice, name, version) VALUES (332, 330, 'This is a very long address for HQ n. 330', 1, 'Head quarter', 0)
INSERT INTO customersupplier(id, businessname, iscustomer, issupplier, name, version) VALUES (331, 'Customer supplier n. 331', 1, 1, 'CusSup331', 0)
INSERT INTO plant(id, customersupplier_id, address, isheadoffice, name, version) VALUES (333, 331, 'This is a very long address for HQ n. 331', 1, 'Head quarter', 0)
INSERT INTO customersupplier(id, businessname, iscustomer, issupplier, name, version) VALUES (332, 'Customer supplier n. 332', 1, 1, 'CusSup332', 0)
INSERT INTO plant(id, customersupplier_id, address, isheadoffice, name, version) VALUES (334, 332, 'This is a very long address for HQ n. 332', 1, 'Head quarter', 0)
INSERT INTO customersupplier(id, businessname, iscustomer, issupplier, name, version) VALUES (333, 'Customer supplier n. 333', 1, 1, 'CusSup333', 0)
INSERT INTO plant(id, customersupplier_id, address, isheadoffice, name, version) VALUES (335, 333, 'This is a very long address for HQ n. 333', 1, 'Head quarter', 0)
INSERT INTO customersupplier(id, businessname, iscustomer, issupplier, name, version) VALUES (334, 'Customer supplier n. 334', 1, 1, 'CusSup334', 0)
INSERT INTO plant(id, customersupplier_id, address, isheadoffice, name, version) VALUES (336, 334, 'This is a very long address for HQ n. 334', 1, 'Head quarter', 0)
INSERT INTO customersupplier(id, businessname, iscustomer, issupplier, name, version) VALUES (335, 'Customer supplier n. 335', 1, 1, 'CusSup335', 0)
INSERT INTO plant(id, customersupplier_id, address, isheadoffice, name, version) VALUES (337, 335, 'This is a very long address for HQ n. 335', 1, 'Head quarter', 0)
INSERT INTO customersupplier(id, businessname, iscustomer, issupplier, name, version) VALUES (336, 'Customer supplier n. 336', 1, 1, 'CusSup336', 0)
INSERT INTO plant(id, customersupplier_id, address, isheadoffice, name, version) VALUES (338, 336, 'This is a very long address for HQ n. 336', 1, 'Head quarter', 0)
INSERT INTO customersupplier(id, businessname, iscustomer, issupplier, name, version) VALUES (337, 'Customer supplier n. 337', 1, 1, 'CusSup337', 0)
INSERT INTO plant(id, customersupplier_id, address, isheadoffice, name, version) VALUES (339, 337, 'This is a very long address for HQ n. 337', 1, 'Head quarter', 0)
INSERT INTO customersupplier(id, businessname, iscustomer, issupplier, name, version) VALUES (338, 'Customer supplier n. 338', 1, 1, 'CusSup338', 0)
INSERT INTO plant(id, customersupplier_id, address, isheadoffice, name, version) VALUES (340, 338, 'This is a very long address for HQ n. 338', 1, 'Head quarter', 0)
INSERT INTO customersupplier(id, businessname, iscustomer, issupplier, name, version) VALUES (339, 'Customer supplier n. 339', 1, 1, 'CusSup339', 0)
INSERT INTO plant(id, customersupplier_id, address, isheadoffice, name, version) VALUES (341, 339, 'This is a very long address for HQ n. 339', 1, 'Head quarter', 0)
INSERT INTO customersupplier(id, businessname, iscustomer, issupplier, name, version) VALUES (340, 'Customer supplier n. 340', 1, 1, 'CusSup340', 0)
INSERT INTO plant(id, customersupplier_id, address, isheadoffice, name, version) VALUES (342, 340, 'This is a very long address for HQ n. 340', 1, 'Head quarter', 0)
INSERT INTO customersupplier(id, businessname, iscustomer, issupplier, name, version) VALUES (341, 'Customer supplier n. 341', 1, 1, 'CusSup341', 0)
INSERT INTO plant(id, customersupplier_id, address, isheadoffice, name, version) VALUES (343, 341, 'This is a very long address for HQ n. 341', 1, 'Head quarter', 0)
INSERT INTO customersupplier(id, businessname, iscustomer, issupplier, name, version) VALUES (342, 'Customer supplier n. 342', 1, 1, 'CusSup342', 0)
INSERT INTO plant(id, customersupplier_id, address, isheadoffice, name, version) VALUES (344, 342, 'This is a very long address for HQ n. 342', 1, 'Head quarter', 0)
INSERT INTO customersupplier(id, businessname, iscustomer, issupplier, name, version) VALUES (343, 'Customer supplier n. 343', 1, 1, 'CusSup343', 0)
INSERT INTO plant(id, customersupplier_id, address, isheadoffice, name, version) VALUES (345, 343, 'This is a very long address for HQ n. 343', 1, 'Head quarter', 0)
INSERT INTO customersupplier(id, businessname, iscustomer, issupplier, name, version) VALUES (344, 'Customer supplier n. 344', 1, 1, 'CusSup344', 0)
INSERT INTO plant(id, customersupplier_id, address, isheadoffice, name, version) VALUES (346, 344, 'This is a very long address for HQ n. 344', 1, 'Head quarter', 0)
INSERT INTO customersupplier(id, businessname, iscustomer, issupplier, name, version) VALUES (345, 'Customer supplier n. 345', 1, 1, 'CusSup345', 0)
INSERT INTO plant(id, customersupplier_id, address, isheadoffice, name, version) VALUES (347, 345, 'This is a very long address for HQ n. 345', 1, 'Head quarter', 0)
INSERT INTO customersupplier(id, businessname, iscustomer, issupplier, name, version) VALUES (346, 'Customer supplier n. 346', 1, 1, 'CusSup346', 0)
INSERT INTO plant(id, customersupplier_id, address, isheadoffice, name, version) VALUES (348, 346, 'This is a very long address for HQ n. 346', 1, 'Head quarter', 0)
INSERT INTO customersupplier(id, businessname, iscustomer, issupplier, name, version) VALUES (347, 'Customer supplier n. 347', 1, 1, 'CusSup347', 0)
INSERT INTO plant(id, customersupplier_id, address, isheadoffice, name, version) VALUES (349, 347, 'This is a very long address for HQ n. 347', 1, 'Head quarter', 0)
INSERT INTO customersupplier(id, businessname, iscustomer, issupplier, name, version) VALUES (348, 'Customer supplier n. 348', 1, 1, 'CusSup348', 0)
INSERT INTO plant(id, customersupplier_id, address, isheadoffice, name, version) VALUES (350, 348, 'This is a very long address for HQ n. 348', 1, 'Head quarter', 0)
INSERT INTO customersupplier(id, businessname, iscustomer, issupplier, name, version) VALUES (349, 'Customer supplier n. 349', 1, 1, 'CusSup349', 0)
INSERT INTO plant(id, customersupplier_id, address, isheadoffice, name, version) VALUES (351, 349, 'This is a very long address for HQ n. 349', 1, 'Head quarter', 0)
INSERT INTO customersupplier(id, businessname, iscustomer, issupplier, name, version) VALUES (350, 'Customer supplier n. 350', 1, 1, 'CusSup350', 0)
INSERT INTO plant(id, customersupplier_id, address, isheadoffice, name, version) VALUES (352, 350, 'This is a very long address for HQ n. 350', 1, 'Head quarter', 0)
INSERT INTO customersupplier(id, businessname, iscustomer, issupplier, name, version) VALUES (351, 'Customer supplier n. 351', 1, 1, 'CusSup351', 0)
INSERT INTO plant(id, customersupplier_id, address, isheadoffice, name, version) VALUES (353, 351, 'This is a very long address for HQ n. 351', 1, 'Head quarter', 0)
INSERT INTO customersupplier(id, businessname, iscustomer, issupplier, name, version) VALUES (352, 'Customer supplier n. 352', 1, 1, 'CusSup352', 0)
INSERT INTO plant(id, customersupplier_id, address, isheadoffice, name, version) VALUES (354, 352, 'This is a very long address for HQ n. 352', 1, 'Head quarter', 0)
INSERT INTO customersupplier(id, businessname, iscustomer, issupplier, name, version) VALUES (353, 'Customer supplier n. 353', 1, 1, 'CusSup353', 0)
INSERT INTO plant(id, customersupplier_id, address, isheadoffice, name, version) VALUES (355, 353, 'This is a very long address for HQ n. 353', 1, 'Head quarter', 0)
INSERT INTO customersupplier(id, businessname, iscustomer, issupplier, name, version) VALUES (354, 'Customer supplier n. 354', 1, 1, 'CusSup354', 0)
INSERT INTO plant(id, customersupplier_id, address, isheadoffice, name, version) VALUES (356, 354, 'This is a very long address for HQ n. 354', 1, 'Head quarter', 0)
INSERT INTO customersupplier(id, businessname, iscustomer, issupplier, name, version) VALUES (355, 'Customer supplier n. 355', 1, 1, 'CusSup355', 0)
INSERT INTO plant(id, customersupplier_id, address, isheadoffice, name, version) VALUES (357, 355, 'This is a very long address for HQ n. 355', 1, 'Head quarter', 0)
INSERT INTO customersupplier(id, businessname, iscustomer, issupplier, name, version) VALUES (356, 'Customer supplier n. 356', 1, 1, 'CusSup356', 0)
INSERT INTO plant(id, customersupplier_id, address, isheadoffice, name, version) VALUES (358, 356, 'This is a very long address for HQ n. 356', 1, 'Head quarter', 0)
INSERT INTO customersupplier(id, businessname, iscustomer, issupplier, name, version) VALUES (357, 'Customer supplier n. 357', 1, 1, 'CusSup357', 0)
INSERT INTO plant(id, customersupplier_id, address, isheadoffice, name, version) VALUES (359, 357, 'This is a very long address for HQ n. 357', 1, 'Head quarter', 0)
INSERT INTO customersupplier(id, businessname, iscustomer, issupplier, name, version) VALUES (358, 'Customer supplier n. 358', 1, 1, 'CusSup358', 0)
INSERT INTO plant(id, customersupplier_id, address, isheadoffice, name, version) VALUES (360, 358, 'This is a very long address for HQ n. 358', 1, 'Head quarter', 0)
INSERT INTO customersupplier(id, businessname, iscustomer, issupplier, name, version) VALUES (359, 'Customer supplier n. 359', 1, 1, 'CusSup359', 0)
INSERT INTO plant(id, customersupplier_id, address, isheadoffice, name, version) VALUES (361, 359, 'This is a very long address for HQ n. 359', 1, 'Head quarter', 0)
INSERT INTO customersupplier(id, businessname, iscustomer, issupplier, name, version) VALUES (360, 'Customer supplier n. 360', 1, 1, 'CusSup360', 0)
INSERT INTO plant(id, customersupplier_id, address, isheadoffice, name, version) VALUES (362, 360, 'This is a very long address for HQ n. 360', 1, 'Head quarter', 0)
INSERT INTO customersupplier(id, businessname, iscustomer, issupplier, name, version) VALUES (361, 'Customer supplier n. 361', 1, 1, 'CusSup361', 0)
INSERT INTO plant(id, customersupplier_id, address, isheadoffice, name, version) VALUES (363, 361, 'This is a very long address for HQ n. 361', 1, 'Head quarter', 0)
INSERT INTO customersupplier(id, businessname, iscustomer, issupplier, name, version) VALUES (362, 'Customer supplier n. 362', 1, 1, 'CusSup362', 0)
INSERT INTO plant(id, customersupplier_id, address, isheadoffice, name, version) VALUES (364, 362, 'This is a very long address for HQ n. 362', 1, 'Head quarter', 0)
INSERT INTO customersupplier(id, businessname, iscustomer, issupplier, name, version) VALUES (363, 'Customer supplier n. 363', 1, 1, 'CusSup363', 0)
INSERT INTO plant(id, customersupplier_id, address, isheadoffice, name, version) VALUES (365, 363, 'This is a very long address for HQ n. 363', 1, 'Head quarter', 0)
INSERT INTO customersupplier(id, businessname, iscustomer, issupplier, name, version) VALUES (364, 'Customer supplier n. 364', 1, 1, 'CusSup364', 0)
INSERT INTO plant(id, customersupplier_id, address, isheadoffice, name, version) VALUES (366, 364, 'This is a very long address for HQ n. 364', 1, 'Head quarter', 0)
INSERT INTO customersupplier(id, businessname, iscustomer, issupplier, name, version) VALUES (365, 'Customer supplier n. 365', 1, 1, 'CusSup365', 0)
INSERT INTO plant(id, customersupplier_id, address, isheadoffice, name, version) VALUES (367, 365, 'This is a very long address for HQ n. 365', 1, 'Head quarter', 0)
INSERT INTO customersupplier(id, businessname, iscustomer, issupplier, name, version) VALUES (366, 'Customer supplier n. 366', 1, 1, 'CusSup366', 0)
INSERT INTO plant(id, customersupplier_id, address, isheadoffice, name, version) VALUES (368, 366, 'This is a very long address for HQ n. 366', 1, 'Head quarter', 0)
INSERT INTO customersupplier(id, businessname, iscustomer, issupplier, name, version) VALUES (367, 'Customer supplier n. 367', 1, 1, 'CusSup367', 0)
INSERT INTO plant(id, customersupplier_id, address, isheadoffice, name, version) VALUES (369, 367, 'This is a very long address for HQ n. 367', 1, 'Head quarter', 0)
INSERT INTO customersupplier(id, businessname, iscustomer, issupplier, name, version) VALUES (368, 'Customer supplier n. 368', 1, 1, 'CusSup368', 0)
INSERT INTO plant(id, customersupplier_id, address, isheadoffice, name, version) VALUES (370, 368, 'This is a very long address for HQ n. 368', 1, 'Head quarter', 0)
INSERT INTO customersupplier(id, businessname, iscustomer, issupplier, name, version) VALUES (369, 'Customer supplier n. 369', 1, 1, 'CusSup369', 0)
INSERT INTO plant(id, customersupplier_id, address, isheadoffice, name, version) VALUES (371, 369, 'This is a very long address for HQ n. 369', 1, 'Head quarter', 0)
INSERT INTO customersupplier(id, businessname, iscustomer, issupplier, name, version) VALUES (370, 'Customer supplier n. 370', 1, 1, 'CusSup370', 0)
INSERT INTO plant(id, customersupplier_id, address, isheadoffice, name, version) VALUES (372, 370, 'This is a very long address for HQ n. 370', 1, 'Head quarter', 0)
INSERT INTO customersupplier(id, businessname, iscustomer, issupplier, name, version) VALUES (371, 'Customer supplier n. 371', 1, 1, 'CusSup371', 0)
INSERT INTO plant(id, customersupplier_id, address, isheadoffice, name, version) VALUES (373, 371, 'This is a very long address for HQ n. 371', 1, 'Head quarter', 0)
INSERT INTO customersupplier(id, businessname, iscustomer, issupplier, name, version) VALUES (372, 'Customer supplier n. 372', 1, 1, 'CusSup372', 0)
INSERT INTO plant(id, customersupplier_id, address, isheadoffice, name, version) VALUES (374, 372, 'This is a very long address for HQ n. 372', 1, 'Head quarter', 0)
INSERT INTO customersupplier(id, businessname, iscustomer, issupplier, name, version) VALUES (373, 'Customer supplier n. 373', 1, 1, 'CusSup373', 0)
INSERT INTO plant(id, customersupplier_id, address, isheadoffice, name, version) VALUES (375, 373, 'This is a very long address for HQ n. 373', 1, 'Head quarter', 0)
INSERT INTO customersupplier(id, businessname, iscustomer, issupplier, name, version) VALUES (374, 'Customer supplier n. 374', 1, 1, 'CusSup374', 0)
INSERT INTO plant(id, customersupplier_id, address, isheadoffice, name, version) VALUES (376, 374, 'This is a very long address for HQ n. 374', 1, 'Head quarter', 0)
INSERT INTO customersupplier(id, businessname, iscustomer, issupplier, name, version) VALUES (375, 'Customer supplier n. 375', 1, 1, 'CusSup375', 0)
INSERT INTO plant(id, customersupplier_id, address, isheadoffice, name, version) VALUES (377, 375, 'This is a very long address for HQ n. 375', 1, 'Head quarter', 0)
INSERT INTO customersupplier(id, businessname, iscustomer, issupplier, name, version) VALUES (376, 'Customer supplier n. 376', 1, 1, 'CusSup376', 0)
INSERT INTO plant(id, customersupplier_id, address, isheadoffice, name, version) VALUES (378, 376, 'This is a very long address for HQ n. 376', 1, 'Head quarter', 0)
INSERT INTO customersupplier(id, businessname, iscustomer, issupplier, name, version) VALUES (377, 'Customer supplier n. 377', 1, 1, 'CusSup377', 0)
INSERT INTO plant(id, customersupplier_id, address, isheadoffice, name, version) VALUES (379, 377, 'This is a very long address for HQ n. 377', 1, 'Head quarter', 0)
INSERT INTO customersupplier(id, businessname, iscustomer, issupplier, name, version) VALUES (378, 'Customer supplier n. 378', 1, 1, 'CusSup378', 0)
INSERT INTO plant(id, customersupplier_id, address, isheadoffice, name, version) VALUES (380, 378, 'This is a very long address for HQ n. 378', 1, 'Head quarter', 0)
INSERT INTO customersupplier(id, businessname, iscustomer, issupplier, name, version) VALUES (379, 'Customer supplier n. 379', 1, 1, 'CusSup379', 0)
INSERT INTO plant(id, customersupplier_id, address, isheadoffice, name, version) VALUES (381, 379, 'This is a very long address for HQ n. 379', 1, 'Head quarter', 0)
INSERT INTO customersupplier(id, businessname, iscustomer, issupplier, name, version) VALUES (380, 'Customer supplier n. 380', 1, 1, 'CusSup380', 0)
INSERT INTO plant(id, customersupplier_id, address, isheadoffice, name, version) VALUES (382, 380, 'This is a very long address for HQ n. 380', 1, 'Head quarter', 0)
INSERT INTO customersupplier(id, businessname, iscustomer, issupplier, name, version) VALUES (381, 'Customer supplier n. 381', 1, 1, 'CusSup381', 0)
INSERT INTO plant(id, customersupplier_id, address, isheadoffice, name, version) VALUES (383, 381, 'This is a very long address for HQ n. 381', 1, 'Head quarter', 0)
INSERT INTO customersupplier(id, businessname, iscustomer, issupplier, name, version) VALUES (382, 'Customer supplier n. 382', 1, 1, 'CusSup382', 0)
INSERT INTO plant(id, customersupplier_id, address, isheadoffice, name, version) VALUES (384, 382, 'This is a very long address for HQ n. 382', 1, 'Head quarter', 0)
INSERT INTO customersupplier(id, businessname, iscustomer, issupplier, name, version) VALUES (383, 'Customer supplier n. 383', 1, 1, 'CusSup383', 0)
INSERT INTO plant(id, customersupplier_id, address, isheadoffice, name, version) VALUES (385, 383, 'This is a very long address for HQ n. 383', 1, 'Head quarter', 0)
INSERT INTO customersupplier(id, businessname, iscustomer, issupplier, name, version) VALUES (384, 'Customer supplier n. 384', 1, 1, 'CusSup384', 0)
INSERT INTO plant(id, customersupplier_id, address, isheadoffice, name, version) VALUES (386, 384, 'This is a very long address for HQ n. 384', 1, 'Head quarter', 0)
INSERT INTO customersupplier(id, businessname, iscustomer, issupplier, name, version) VALUES (385, 'Customer supplier n. 385', 1, 1, 'CusSup385', 0)
INSERT INTO plant(id, customersupplier_id, address, isheadoffice, name, version) VALUES (387, 385, 'This is a very long address for HQ n. 385', 1, 'Head quarter', 0)
INSERT INTO customersupplier(id, businessname, iscustomer, issupplier, name, version) VALUES (386, 'Customer supplier n. 386', 1, 1, 'CusSup386', 0)
INSERT INTO plant(id, customersupplier_id, address, isheadoffice, name, version) VALUES (388, 386, 'This is a very long address for HQ n. 386', 1, 'Head quarter', 0)
INSERT INTO customersupplier(id, businessname, iscustomer, issupplier, name, version) VALUES (387, 'Customer supplier n. 387', 1, 1, 'CusSup387', 0)
INSERT INTO plant(id, customersupplier_id, address, isheadoffice, name, version) VALUES (389, 387, 'This is a very long address for HQ n. 387', 1, 'Head quarter', 0)
INSERT INTO customersupplier(id, businessname, iscustomer, issupplier, name, version) VALUES (388, 'Customer supplier n. 388', 1, 1, 'CusSup388', 0)
INSERT INTO plant(id, customersupplier_id, address, isheadoffice, name, version) VALUES (390, 388, 'This is a very long address for HQ n. 388', 1, 'Head quarter', 0)
INSERT INTO customersupplier(id, businessname, iscustomer, issupplier, name, version) VALUES (389, 'Customer supplier n. 389', 1, 1, 'CusSup389', 0)
INSERT INTO plant(id, customersupplier_id, address, isheadoffice, name, version) VALUES (391, 389, 'This is a very long address for HQ n. 389', 1, 'Head quarter', 0)
INSERT INTO customersupplier(id, businessname, iscustomer, issupplier, name, version) VALUES (390, 'Customer supplier n. 390', 1, 1, 'CusSup390', 0)
INSERT INTO plant(id, customersupplier_id, address, isheadoffice, name, version) VALUES (392, 390, 'This is a very long address for HQ n. 390', 1, 'Head quarter', 0)
INSERT INTO customersupplier(id, businessname, iscustomer, issupplier, name, version) VALUES (391, 'Customer supplier n. 391', 1, 1, 'CusSup391', 0)
INSERT INTO plant(id, customersupplier_id, address, isheadoffice, name, version) VALUES (393, 391, 'This is a very long address for HQ n. 391', 1, 'Head quarter', 0)
INSERT INTO customersupplier(id, businessname, iscustomer, issupplier, name, version) VALUES (392, 'Customer supplier n. 392', 1, 1, 'CusSup392', 0)
INSERT INTO plant(id, customersupplier_id, address, isheadoffice, name, version) VALUES (394, 392, 'This is a very long address for HQ n. 392', 1, 'Head quarter', 0)
INSERT INTO customersupplier(id, businessname, iscustomer, issupplier, name, version) VALUES (393, 'Customer supplier n. 393', 1, 1, 'CusSup393', 0)
INSERT INTO plant(id, customersupplier_id, address, isheadoffice, name, version) VALUES (395, 393, 'This is a very long address for HQ n. 393', 1, 'Head quarter', 0)
INSERT INTO customersupplier(id, businessname, iscustomer, issupplier, name, version) VALUES (394, 'Customer supplier n. 394', 1, 1, 'CusSup394', 0)
INSERT INTO plant(id, customersupplier_id, address, isheadoffice, name, version) VALUES (396, 394, 'This is a very long address for HQ n. 394', 1, 'Head quarter', 0)
INSERT INTO customersupplier(id, businessname, iscustomer, issupplier, name, version) VALUES (395, 'Customer supplier n. 395', 1, 1, 'CusSup395', 0)
INSERT INTO plant(id, customersupplier_id, address, isheadoffice, name, version) VALUES (397, 395, 'This is a very long address for HQ n. 395', 1, 'Head quarter', 0)
INSERT INTO customersupplier(id, businessname, iscustomer, issupplier, name, version) VALUES (396, 'Customer supplier n. 396', 1, 1, 'CusSup396', 0)
INSERT INTO plant(id, customersupplier_id, address, isheadoffice, name, version) VALUES (398, 396, 'This is a very long address for HQ n. 396', 1, 'Head quarter', 0)
INSERT INTO customersupplier(id, businessname, iscustomer, issupplier, name, version) VALUES (397, 'Customer supplier n. 397', 1, 1, 'CusSup397', 0)
INSERT INTO plant(id, customersupplier_id, address, isheadoffice, name, version) VALUES (399, 397, 'This is a very long address for HQ n. 397', 1, 'Head quarter', 0)
INSERT INTO customersupplier(id, businessname, iscustomer, issupplier, name, version) VALUES (398, 'Customer supplier n. 398', 1, 1, 'CusSup398', 0)
INSERT INTO plant(id, customersupplier_id, address, isheadoffice, name, version) VALUES (400, 398, 'This is a very long address for HQ n. 398', 1, 'Head quarter', 0)
INSERT INTO customersupplier(id, businessname, iscustomer, issupplier, name, version) VALUES (399, 'Customer supplier n. 399', 1, 1, 'CusSup399', 0)
INSERT INTO plant(id, customersupplier_id, address, isheadoffice, name, version) VALUES (401, 399, 'This is a very long address for HQ n. 399', 1, 'Head quarter', 0)
INSERT INTO customersupplier(id, businessname, iscustomer, issupplier, name, version) VALUES (400, 'Customer supplier n. 400', 1, 1, 'CusSup400', 0)
INSERT INTO plant(id, customersupplier_id, address, isheadoffice, name, version) VALUES (402, 400, 'This is a very long address for HQ n. 400', 1, 'Head quarter', 0)
INSERT INTO customersupplier(id, businessname, iscustomer, issupplier, name, version) VALUES (401, 'Customer supplier n. 401', 1, 1, 'CusSup401', 0)
INSERT INTO plant(id, customersupplier_id, address, isheadoffice, name, version) VALUES (403, 401, 'This is a very long address for HQ n. 401', 1, 'Head quarter', 0)
INSERT INTO customersupplier(id, businessname, iscustomer, issupplier, name, version) VALUES (402, 'Customer supplier n. 402', 1, 1, 'CusSup402', 0)
INSERT INTO plant(id, customersupplier_id, address, isheadoffice, name, version) VALUES (404, 402, 'This is a very long address for HQ n. 402', 1, 'Head quarter', 0)
INSERT INTO customersupplier(id, businessname, iscustomer, issupplier, name, version) VALUES (403, 'Customer supplier n. 403', 1, 1, 'CusSup403', 0)
INSERT INTO plant(id, customersupplier_id, address, isheadoffice, name, version) VALUES (405, 403, 'This is a very long address for HQ n. 403', 1, 'Head quarter', 0)
INSERT INTO customersupplier(id, businessname, iscustomer, issupplier, name, version) VALUES (404, 'Customer supplier n. 404', 1, 1, 'CusSup404', 0)
INSERT INTO plant(id, customersupplier_id, address, isheadoffice, name, version) VALUES (406, 404, 'This is a very long address for HQ n. 404', 1, 'Head quarter', 0)
INSERT INTO customersupplier(id, businessname, iscustomer, issupplier, name, version) VALUES (405, 'Customer supplier n. 405', 1, 1, 'CusSup405', 0)
INSERT INTO plant(id, customersupplier_id, address, isheadoffice, name, version) VALUES (407, 405, 'This is a very long address for HQ n. 405', 1, 'Head quarter', 0)
INSERT INTO customersupplier(id, businessname, iscustomer, issupplier, name, version) VALUES (406, 'Customer supplier n. 406', 1, 1, 'CusSup406', 0)
INSERT INTO plant(id, customersupplier_id, address, isheadoffice, name, version) VALUES (408, 406, 'This is a very long address for HQ n. 406', 1, 'Head quarter', 0)
INSERT INTO customersupplier(id, businessname, iscustomer, issupplier, name, version) VALUES (407, 'Customer supplier n. 407', 1, 1, 'CusSup407', 0)
INSERT INTO plant(id, customersupplier_id, address, isheadoffice, name, version) VALUES (409, 407, 'This is a very long address for HQ n. 407', 1, 'Head quarter', 0)
INSERT INTO customersupplier(id, businessname, iscustomer, issupplier, name, version) VALUES (408, 'Customer supplier n. 408', 1, 1, 'CusSup408', 0)
INSERT INTO plant(id, customersupplier_id, address, isheadoffice, name, version) VALUES (410, 408, 'This is a very long address for HQ n. 408', 1, 'Head quarter', 0)
INSERT INTO customersupplier(id, businessname, iscustomer, issupplier, name, version) VALUES (409, 'Customer supplier n. 409', 1, 1, 'CusSup409', 0)
INSERT INTO plant(id, customersupplier_id, address, isheadoffice, name, version) VALUES (411, 409, 'This is a very long address for HQ n. 409', 1, 'Head quarter', 0)
INSERT INTO customersupplier(id, businessname, iscustomer, issupplier, name, version) VALUES (410, 'Customer supplier n. 410', 1, 1, 'CusSup410', 0)
INSERT INTO plant(id, customersupplier_id, address, isheadoffice, name, version) VALUES (412, 410, 'This is a very long address for HQ n. 410', 1, 'Head quarter', 0)
INSERT INTO customersupplier(id, businessname, iscustomer, issupplier, name, version) VALUES (411, 'Customer supplier n. 411', 1, 1, 'CusSup411', 0)
INSERT INTO plant(id, customersupplier_id, address, isheadoffice, name, version) VALUES (413, 411, 'This is a very long address for HQ n. 411', 1, 'Head quarter', 0)
INSERT INTO customersupplier(id, businessname, iscustomer, issupplier, name, version) VALUES (412, 'Customer supplier n. 412', 1, 1, 'CusSup412', 0)
INSERT INTO plant(id, customersupplier_id, address, isheadoffice, name, version) VALUES (414, 412, 'This is a very long address for HQ n. 412', 1, 'Head quarter', 0)
INSERT INTO customersupplier(id, businessname, iscustomer, issupplier, name, version) VALUES (413, 'Customer supplier n. 413', 1, 1, 'CusSup413', 0)
INSERT INTO plant(id, customersupplier_id, address, isheadoffice, name, version) VALUES (415, 413, 'This is a very long address for HQ n. 413', 1, 'Head quarter', 0)
INSERT INTO customersupplier(id, businessname, iscustomer, issupplier, name, version) VALUES (414, 'Customer supplier n. 414', 1, 1, 'CusSup414', 0)
INSERT INTO plant(id, customersupplier_id, address, isheadoffice, name, version) VALUES (416, 414, 'This is a very long address for HQ n. 414', 1, 'Head quarter', 0)
INSERT INTO customersupplier(id, businessname, iscustomer, issupplier, name, version) VALUES (415, 'Customer supplier n. 415', 1, 1, 'CusSup415', 0)
INSERT INTO plant(id, customersupplier_id, address, isheadoffice, name, version) VALUES (417, 415, 'This is a very long address for HQ n. 415', 1, 'Head quarter', 0)
INSERT INTO customersupplier(id, businessname, iscustomer, issupplier, name, version) VALUES (416, 'Customer supplier n. 416', 1, 1, 'CusSup416', 0)
INSERT INTO plant(id, customersupplier_id, address, isheadoffice, name, version) VALUES (418, 416, 'This is a very long address for HQ n. 416', 1, 'Head quarter', 0)
INSERT INTO customersupplier(id, businessname, iscustomer, issupplier, name, version) VALUES (417, 'Customer supplier n. 417', 1, 1, 'CusSup417', 0)
INSERT INTO plant(id, customersupplier_id, address, isheadoffice, name, version) VALUES (419, 417, 'This is a very long address for HQ n. 417', 1, 'Head quarter', 0)
INSERT INTO customersupplier(id, businessname, iscustomer, issupplier, name, version) VALUES (418, 'Customer supplier n. 418', 1, 1, 'CusSup418', 0)
INSERT INTO plant(id, customersupplier_id, address, isheadoffice, name, version) VALUES (420, 418, 'This is a very long address for HQ n. 418', 1, 'Head quarter', 0)
INSERT INTO customersupplier(id, businessname, iscustomer, issupplier, name, version) VALUES (419, 'Customer supplier n. 419', 1, 1, 'CusSup419', 0)
INSERT INTO plant(id, customersupplier_id, address, isheadoffice, name, version) VALUES (421, 419, 'This is a very long address for HQ n. 419', 1, 'Head quarter', 0)
INSERT INTO customersupplier(id, businessname, iscustomer, issupplier, name, version) VALUES (420, 'Customer supplier n. 420', 1, 1, 'CusSup420', 0)
INSERT INTO plant(id, customersupplier_id, address, isheadoffice, name, version) VALUES (422, 420, 'This is a very long address for HQ n. 420', 1, 'Head quarter', 0)
INSERT INTO customersupplier(id, businessname, iscustomer, issupplier, name, version) VALUES (421, 'Customer supplier n. 421', 1, 1, 'CusSup421', 0)
INSERT INTO plant(id, customersupplier_id, address, isheadoffice, name, version) VALUES (423, 421, 'This is a very long address for HQ n. 421', 1, 'Head quarter', 0)
INSERT INTO customersupplier(id, businessname, iscustomer, issupplier, name, version) VALUES (422, 'Customer supplier n. 422', 1, 1, 'CusSup422', 0)
INSERT INTO plant(id, customersupplier_id, address, isheadoffice, name, version) VALUES (424, 422, 'This is a very long address for HQ n. 422', 1, 'Head quarter', 0)
INSERT INTO customersupplier(id, businessname, iscustomer, issupplier, name, version) VALUES (423, 'Customer supplier n. 423', 1, 1, 'CusSup423', 0)
INSERT INTO plant(id, customersupplier_id, address, isheadoffice, name, version) VALUES (425, 423, 'This is a very long address for HQ n. 423', 1, 'Head quarter', 0)
INSERT INTO customersupplier(id, businessname, iscustomer, issupplier, name, version) VALUES (424, 'Customer supplier n. 424', 1, 1, 'CusSup424', 0)
INSERT INTO plant(id, customersupplier_id, address, isheadoffice, name, version) VALUES (426, 424, 'This is a very long address for HQ n. 424', 1, 'Head quarter', 0)
INSERT INTO customersupplier(id, businessname, iscustomer, issupplier, name, version) VALUES (425, 'Customer supplier n. 425', 1, 1, 'CusSup425', 0)
INSERT INTO plant(id, customersupplier_id, address, isheadoffice, name, version) VALUES (427, 425, 'This is a very long address for HQ n. 425', 1, 'Head quarter', 0)
INSERT INTO customersupplier(id, businessname, iscustomer, issupplier, name, version) VALUES (426, 'Customer supplier n. 426', 1, 1, 'CusSup426', 0)
INSERT INTO plant(id, customersupplier_id, address, isheadoffice, name, version) VALUES (428, 426, 'This is a very long address for HQ n. 426', 1, 'Head quarter', 0)
INSERT INTO customersupplier(id, businessname, iscustomer, issupplier, name, version) VALUES (427, 'Customer supplier n. 427', 1, 1, 'CusSup427', 0)
INSERT INTO plant(id, customersupplier_id, address, isheadoffice, name, version) VALUES (429, 427, 'This is a very long address for HQ n. 427', 1, 'Head quarter', 0)
INSERT INTO customersupplier(id, businessname, iscustomer, issupplier, name, version) VALUES (428, 'Customer supplier n. 428', 1, 1, 'CusSup428', 0)
INSERT INTO plant(id, customersupplier_id, address, isheadoffice, name, version) VALUES (430, 428, 'This is a very long address for HQ n. 428', 1, 'Head quarter', 0)
INSERT INTO customersupplier(id, businessname, iscustomer, issupplier, name, version) VALUES (429, 'Customer supplier n. 429', 1, 1, 'CusSup429', 0)
INSERT INTO plant(id, customersupplier_id, address, isheadoffice, name, version) VALUES (431, 429, 'This is a very long address for HQ n. 429', 1, 'Head quarter', 0)
INSERT INTO customersupplier(id, businessname, iscustomer, issupplier, name, version) VALUES (430, 'Customer supplier n. 430', 1, 1, 'CusSup430', 0)
INSERT INTO plant(id, customersupplier_id, address, isheadoffice, name, version) VALUES (432, 430, 'This is a very long address for HQ n. 430', 1, 'Head quarter', 0)
INSERT INTO customersupplier(id, businessname, iscustomer, issupplier, name, version) VALUES (431, 'Customer supplier n. 431', 1, 1, 'CusSup431', 0)
INSERT INTO plant(id, customersupplier_id, address, isheadoffice, name, version) VALUES (433, 431, 'This is a very long address for HQ n. 431', 1, 'Head quarter', 0)
INSERT INTO customersupplier(id, businessname, iscustomer, issupplier, name, version) VALUES (432, 'Customer supplier n. 432', 1, 1, 'CusSup432', 0)
INSERT INTO plant(id, customersupplier_id, address, isheadoffice, name, version) VALUES (434, 432, 'This is a very long address for HQ n. 432', 1, 'Head quarter', 0)
INSERT INTO customersupplier(id, businessname, iscustomer, issupplier, name, version) VALUES (433, 'Customer supplier n. 433', 1, 1, 'CusSup433', 0)
INSERT INTO plant(id, customersupplier_id, address, isheadoffice, name, version) VALUES (435, 433, 'This is a very long address for HQ n. 433', 1, 'Head quarter', 0)
INSERT INTO customersupplier(id, businessname, iscustomer, issupplier, name, version) VALUES (434, 'Customer supplier n. 434', 1, 1, 'CusSup434', 0)
INSERT INTO plant(id, customersupplier_id, address, isheadoffice, name, version) VALUES (436, 434, 'This is a very long address for HQ n. 434', 1, 'Head quarter', 0)
INSERT INTO customersupplier(id, businessname, iscustomer, issupplier, name, version) VALUES (435, 'Customer supplier n. 435', 1, 1, 'CusSup435', 0)
INSERT INTO plant(id, customersupplier_id, address, isheadoffice, name, version) VALUES (437, 435, 'This is a very long address for HQ n. 435', 1, 'Head quarter', 0)
INSERT INTO customersupplier(id, businessname, iscustomer, issupplier, name, version) VALUES (436, 'Customer supplier n. 436', 1, 1, 'CusSup436', 0)
INSERT INTO plant(id, customersupplier_id, address, isheadoffice, name, version) VALUES (438, 436, 'This is a very long address for HQ n. 436', 1, 'Head quarter', 0)
INSERT INTO customersupplier(id, businessname, iscustomer, issupplier, name, version) VALUES (437, 'Customer supplier n. 437', 1, 1, 'CusSup437', 0)
INSERT INTO plant(id, customersupplier_id, address, isheadoffice, name, version) VALUES (439, 437, 'This is a very long address for HQ n. 437', 1, 'Head quarter', 0)
INSERT INTO customersupplier(id, businessname, iscustomer, issupplier, name, version) VALUES (438, 'Customer supplier n. 438', 1, 1, 'CusSup438', 0)
INSERT INTO plant(id, customersupplier_id, address, isheadoffice, name, version) VALUES (440, 438, 'This is a very long address for HQ n. 438', 1, 'Head quarter', 0)
INSERT INTO customersupplier(id, businessname, iscustomer, issupplier, name, version) VALUES (439, 'Customer supplier n. 439', 1, 1, 'CusSup439', 0)
INSERT INTO plant(id, customersupplier_id, address, isheadoffice, name, version) VALUES (441, 439, 'This is a very long address for HQ n. 439', 1, 'Head quarter', 0)
INSERT INTO customersupplier(id, businessname, iscustomer, issupplier, name, version) VALUES (440, 'Customer supplier n. 440', 1, 1, 'CusSup440', 0)
INSERT INTO plant(id, customersupplier_id, address, isheadoffice, name, version) VALUES (442, 440, 'This is a very long address for HQ n. 440', 1, 'Head quarter', 0)
INSERT INTO customersupplier(id, businessname, iscustomer, issupplier, name, version) VALUES (441, 'Customer supplier n. 441', 1, 1, 'CusSup441', 0)
INSERT INTO plant(id, customersupplier_id, address, isheadoffice, name, version) VALUES (443, 441, 'This is a very long address for HQ n. 441', 1, 'Head quarter', 0)
INSERT INTO customersupplier(id, businessname, iscustomer, issupplier, name, version) VALUES (442, 'Customer supplier n. 442', 1, 1, 'CusSup442', 0)
INSERT INTO plant(id, customersupplier_id, address, isheadoffice, name, version) VALUES (444, 442, 'This is a very long address for HQ n. 442', 1, 'Head quarter', 0)
INSERT INTO customersupplier(id, businessname, iscustomer, issupplier, name, version) VALUES (443, 'Customer supplier n. 443', 1, 1, 'CusSup443', 0)
INSERT INTO plant(id, customersupplier_id, address, isheadoffice, name, version) VALUES (445, 443, 'This is a very long address for HQ n. 443', 1, 'Head quarter', 0)
INSERT INTO customersupplier(id, businessname, iscustomer, issupplier, name, version) VALUES (444, 'Customer supplier n. 444', 1, 1, 'CusSup444', 0)
INSERT INTO plant(id, customersupplier_id, address, isheadoffice, name, version) VALUES (446, 444, 'This is a very long address for HQ n. 444', 1, 'Head quarter', 0)
INSERT INTO customersupplier(id, businessname, iscustomer, issupplier, name, version) VALUES (445, 'Customer supplier n. 445', 1, 1, 'CusSup445', 0)
INSERT INTO plant(id, customersupplier_id, address, isheadoffice, name, version) VALUES (447, 445, 'This is a very long address for HQ n. 445', 1, 'Head quarter', 0)
INSERT INTO customersupplier(id, businessname, iscustomer, issupplier, name, version) VALUES (446, 'Customer supplier n. 446', 1, 1, 'CusSup446', 0)
INSERT INTO plant(id, customersupplier_id, address, isheadoffice, name, version) VALUES (448, 446, 'This is a very long address for HQ n. 446', 1, 'Head quarter', 0)
INSERT INTO customersupplier(id, businessname, iscustomer, issupplier, name, version) VALUES (447, 'Customer supplier n. 447', 1, 1, 'CusSup447', 0)
INSERT INTO plant(id, customersupplier_id, address, isheadoffice, name, version) VALUES (449, 447, 'This is a very long address for HQ n. 447', 1, 'Head quarter', 0)
INSERT INTO customersupplier(id, businessname, iscustomer, issupplier, name, version) VALUES (448, 'Customer supplier n. 448', 1, 1, 'CusSup448', 0)
INSERT INTO plant(id, customersupplier_id, address, isheadoffice, name, version) VALUES (450, 448, 'This is a very long address for HQ n. 448', 1, 'Head quarter', 0)
INSERT INTO customersupplier(id, businessname, iscustomer, issupplier, name, version) VALUES (449, 'Customer supplier n. 449', 1, 1, 'CusSup449', 0)
INSERT INTO plant(id, customersupplier_id, address, isheadoffice, name, version) VALUES (451, 449, 'This is a very long address for HQ n. 449', 1, 'Head quarter', 0)
INSERT INTO customersupplier(id, businessname, iscustomer, issupplier, name, version) VALUES (450, 'Customer supplier n. 450', 1, 1, 'CusSup450', 0)
INSERT INTO plant(id, customersupplier_id, address, isheadoffice, name, version) VALUES (452, 450, 'This is a very long address for HQ n. 450', 1, 'Head quarter', 0)
INSERT INTO customersupplier(id, businessname, iscustomer, issupplier, name, version) VALUES (451, 'Customer supplier n. 451', 1, 1, 'CusSup451', 0)
INSERT INTO plant(id, customersupplier_id, address, isheadoffice, name, version) VALUES (453, 451, 'This is a very long address for HQ n. 451', 1, 'Head quarter', 0)
INSERT INTO customersupplier(id, businessname, iscustomer, issupplier, name, version) VALUES (452, 'Customer supplier n. 452', 1, 1, 'CusSup452', 0)
INSERT INTO plant(id, customersupplier_id, address, isheadoffice, name, version) VALUES (454, 452, 'This is a very long address for HQ n. 452', 1, 'Head quarter', 0)
INSERT INTO customersupplier(id, businessname, iscustomer, issupplier, name, version) VALUES (453, 'Customer supplier n. 453', 1, 1, 'CusSup453', 0)
INSERT INTO plant(id, customersupplier_id, address, isheadoffice, name, version) VALUES (455, 453, 'This is a very long address for HQ n. 453', 1, 'Head quarter', 0)
INSERT INTO customersupplier(id, businessname, iscustomer, issupplier, name, version) VALUES (454, 'Customer supplier n. 454', 1, 1, 'CusSup454', 0)
INSERT INTO plant(id, customersupplier_id, address, isheadoffice, name, version) VALUES (456, 454, 'This is a very long address for HQ n. 454', 1, 'Head quarter', 0)
INSERT INTO customersupplier(id, businessname, iscustomer, issupplier, name, version) VALUES (455, 'Customer supplier n. 455', 1, 1, 'CusSup455', 0)
INSERT INTO plant(id, customersupplier_id, address, isheadoffice, name, version) VALUES (457, 455, 'This is a very long address for HQ n. 455', 1, 'Head quarter', 0)
INSERT INTO customersupplier(id, businessname, iscustomer, issupplier, name, version) VALUES (456, 'Customer supplier n. 456', 1, 1, 'CusSup456', 0)
INSERT INTO plant(id, customersupplier_id, address, isheadoffice, name, version) VALUES (458, 456, 'This is a very long address for HQ n. 456', 1, 'Head quarter', 0)
INSERT INTO customersupplier(id, businessname, iscustomer, issupplier, name, version) VALUES (457, 'Customer supplier n. 457', 1, 1, 'CusSup457', 0)
INSERT INTO plant(id, customersupplier_id, address, isheadoffice, name, version) VALUES (459, 457, 'This is a very long address for HQ n. 457', 1, 'Head quarter', 0)
INSERT INTO customersupplier(id, businessname, iscustomer, issupplier, name, version) VALUES (458, 'Customer supplier n. 458', 1, 1, 'CusSup458', 0)
INSERT INTO plant(id, customersupplier_id, address, isheadoffice, name, version) VALUES (460, 458, 'This is a very long address for HQ n. 458', 1, 'Head quarter', 0)
INSERT INTO customersupplier(id, businessname, iscustomer, issupplier, name, version) VALUES (459, 'Customer supplier n. 459', 1, 1, 'CusSup459', 0)
INSERT INTO plant(id, customersupplier_id, address, isheadoffice, name, version) VALUES (461, 459, 'This is a very long address for HQ n. 459', 1, 'Head quarter', 0)
INSERT INTO customersupplier(id, businessname, iscustomer, issupplier, name, version) VALUES (460, 'Customer supplier n. 460', 1, 1, 'CusSup460', 0)
INSERT INTO plant(id, customersupplier_id, address, isheadoffice, name, version) VALUES (462, 460, 'This is a very long address for HQ n. 460', 1, 'Head quarter', 0)
